position_Mb,GC_skew,cumulative_GC_skew
0.005,0.0355290954484348,0.0355290954484348
0.01,0.018697106868726627,0.05422620231716142
0.015,0.039647577092511016,0.09387377940967244
0.02,0.044137662842698815,0.13801144225237125
0.025,0.04979095400988218,0.18780239626225342
0.03,0.05179584120982987,0.2395982374720833
0.035,-0.00507232763479241,0.2345259098372909
0.04,-0.018607327834260504,0.2159185820030304
0.045,0.06348303960583665,0.27940162160886706
0.05,0.05018587360594796,0.329587495214815
0.055,0.030256012412723042,0.35984350762753803
0.06,0.01945675207089193,0.37930025969842995
0.065,-0.01187477509895646,0.3674254845994735
0.07,0.008973438621679828,0.3763989232211533
0.075,0.029477611940298507,0.40587653516145183
0.08,0.02524955960070464,0.43112609476215646
0.085,0.043634907926341074,0.4747610026884975
0.09,0.0779493043643987,0.5527103070528963
0.095,0.0884079236977256,0.6411182307506218
0.1,0.11523473742809427,0.7563529681787161
0.105,0.0888382687927107,0.8451912369714268
0.11,0.043291731669266774,0.8884829686406936
0.115,0.036293436293436294,0.9247764049341299
0.12,0.012892053107562055,0.937668458041692
0.125,0.03390155142692971,0.9715700094686217
0.13,0.067016098839386,1.0385861083080077
0.135,0.05171433983709036,1.090300448145098
0.14,0.05877773452705333,1.1490781826721512
0.145,0.053423031262366444,1.2025012139345177
0.15,0.005620406398616515,1.2081216203331342
0.155,-0.004225038914832111,1.203896581418302
0.16,0.03715352860231964,1.2410501100206217
0.165,0.04815439385422522,1.289204503874847
0.17,0.05318761384335155,1.3423921177181986
0.175,0.05405900678028221,1.3964511244984807
0.18,0.04735812133072407,1.443809245829205
0.185,0.025390625,1.469199870829205
0.19,0.041707080504364696,1.5109069513335696
0.195,0.0953882538431218,1.6062952051766914
0.2,0.08822959084739189,1.6945247960240832
0.205,0.07558906691800188,1.7701138629420852
0.21,0.06259370314842579,1.832707566090511
0.215,0.030635400907715583,1.8633429669982267
0.22,0.023606811145510834,1.8869497781437374
0.225,0.081399921352733,1.9683496994964704
0.23,0.05667202572347267,2.025021725219943
0.235,-0.012213413327619455,2.0128083118923237
0.24,-0.011803011803011803,2.0010053000893118
0.245,-0.01643730886850153,1.9845679912208103
0.25,0.01232114467408585,1.9968891358948961
0.255,0.017220664797757308,2.0141098006926534
0.26,0.022161741835147745,2.036271542527801
0.265,0.024075829383886256,2.0603473719116874
0.27,0.02292701566679404,2.0832743875784816
0.275,0.0474234503360717,2.1306978379145534
0.28,0.018038137777014258,2.148735975691568
0.285,-0.02840352595494613,2.1203324497366216
0.29,-0.023238095238095238,2.0970943544985263
0.295,0.001271725307333616,2.09836607980586
0.3,0.015069551777434312,2.1134356315832945
0.305,0.018591549295774647,2.132027180879069
0.31,0.016885553470919325,2.148912734349988
0.315,0.021141168447374403,2.1700539027973624
0.32,0.054256916148402314,2.2243108189457645
0.325,0.03584088223710122,2.2601517011828656
0.33,0.005880047040376323,2.266031748223242
0.335,0.05219289541575709,2.318224643638999
0.34,0.060775612579587114,2.379000256218586
0.345,0.030410742496050552,2.4094109987146366
0.35,0.014936519790888723,2.424347518505525
0.355,0.01666063020644694,2.441008148711972
0.36,0.010313144571535721,2.451321293283508
0.365,0.0020419528494523853,2.45336324613296
0.37,0.03927927927927928,2.4926425254122395
0.375,0.06207654275773668,2.5547190681699763
0.38,0.03555906756222837,2.5902781357322047
0.385,0.047562660351292675,2.6378407960834975
0.39,0.038856452587074694,2.676697248670572
0.395,0.02697138151122092,2.703668630181793
0.4,0.032692688725975826,2.7363613189077687
0.405,0.023574450936933306,2.759935769844702
0.41,0.015811048213937147,2.775746818058639
0.415,0.027777777777777776,2.8035245958364166
0.42,0.05664652567975831,2.8601711215161747
0.425,0.0641025641025641,2.924273685618739
0.43,0.050272798129384254,2.9745464837481235
0.435,0.01986499517839923,2.994411478926523
0.44,0.004710759374411155,2.999122238300934
0.445,-0.017136329017517136,2.981985909283417
0.45,-0.01096319498825372,2.971022714295163
0.455,0.055478226287532316,3.0265009405826953
0.46,0.08190925162050677,3.108410192203202
0.465,0.05889212827988338,3.1673023204830852
0.47,0.07212622088655146,3.239428541369637
0.475,0.05789877300613497,3.2973273143757718
0.48,-0.01765650080256822,3.2796708135732033
0.485,-0.009924573243350537,3.269746240329853
0.49,0.018668678106732037,3.288414918436585
0.495,0.008760484622553587,3.2971754030591387
0.5,-0.015005771450557906,3.2821696316085807
0.505,-0.014154552410099464,3.268015079198481
0.51,-0.0011198208286674132,3.266895258369814
0.515,-0.0016952345074401959,3.2652000238623735
0.52,0.06132161815852096,3.3265216420208943
0.525,0.12219920918847675,3.448720851209371
0.53,0.07484076433121019,3.5235616155405816
0.535,0.056747543613394826,3.5803091591539764
0.54,0.06607215241183624,3.6463813115658126
0.545,0.044673539518900345,3.6910548510847128
0.55,0.035654904858673564,3.726709755943386
0.555,0.019736842105263157,3.7464465980486494
0.56,0.03680336487907466,3.7832499629277243
0.565,0.050206476852858076,3.8334564397805826
0.57,0.06639566395663957,3.899852103737222
0.575,0.06353591160220995,3.963388015339432
0.58,0.07409155261915998,4.037479567958592
0.585,0.05701754385964912,4.094497111818241
0.59,0.0046820132657042525,4.099179125083945
0.595,0.01891840244601567,4.118097527529961
0.6,0.0525314046440807,4.170628932174042
0.605,0.05217732444095724,4.222806256614999
0.61,0.012560386473429951,4.235366643088429
0.615,0.01200750469043152,4.24737414777886
0.62,0.028602860286028604,4.2759770080648885
0.625,0.04501607717041801,4.3209930852353065
0.63,0.06287155467483337,4.38386463991014
0.635,0.04089367644125274,4.424758316351393
0.64,0.043278277231862845,4.468036593583256
0.645,0.029311001141987057,4.497347594725243
0.65,0.031010719754977028,4.5283583144802195
0.655,0.05102880658436214,4.579387121064582
0.66,0.04174533249423117,4.621132453558813
0.665,0.002575787596592035,4.623708241155405
0.67,-0.03314285714285714,4.590565384012548
0.675,-0.0034587995930824007,4.587106584419465
0.68,0.014813269351137075,4.601919853770602
0.685,0.0031658092599920855,4.605085663030595
0.69,-0.017013955266679412,4.588071707763915
0.695,0.0036101083032490976,4.591681816067164
0.7,0.023804915811883105,4.615486731879048
0.705,0.012175962293794187,4.627662694172842
0.71,0.014636075949367089,4.642298770122209
0.715,-0.012335692618806876,4.629963077503402
0.72,-0.034075241284222964,4.595887836219179
0.725,-0.043769789532501394,4.552118046686677
0.73,-0.00755939524838013,4.5445586514382965
0.735,0.04871639377400445,4.593275045212301
0.74,0.07082984073763621,4.664104885949937
0.745,0.04958047292143402,4.713685358871372
0.75,0.024887800897592818,4.738573159768965
0.755,0.026221692491060787,4.764794852260025
0.76,0.03596330275229358,4.800758155012319
0.765,0.051776266061980346,4.852534421074299
0.77,0.05345345345345345,4.905987874527753
0.775,0.06619104240982956,4.972178916937582
0.78,0.061611374407582936,5.0337902913451655
0.785,0.01782178217821782,5.051612073523383
0.79,0.0038580246913580245,5.055470098214742
0.795,0.034943670040099295,5.090413768254841
0.8,0.049473475064573814,5.139887243319415
0.805,0.02445759368836292,5.1643448370077785
0.81,0.0306771417882529,5.1950219787960314
0.815,0.03705096859131089,5.232072947387342
0.82,0.0170873786407767,5.249160326028119
0.825,-0.017444065225635193,5.231716260802484
0.83,-0.005520794994479205,5.226195465808005
0.835,0.039773798303487276,5.265969264111493
0.84,0.03462789362923283,5.300597157740726
0.845,0.01134141572154869,5.311938573462275
0.85,0.0318676885841065,5.343806262046381
0.855,0.047164179104477615,5.390970441150858
0.86,0.024667931688804556,5.415638372839663
0.865,0.03441894892672095,5.4500573217663835
0.87,0.06998627720054891,5.520043598966932
0.875,0.07586780295156932,5.595911401918501
0.88,0.051821862348178135,5.647733264266679
0.885,-0.001786777843954735,5.645946486422725
0.89,0.001987281399046105,5.647933767821771
0.895,0.06177606177606178,5.709709829597832
0.9,0.0402619919090734,5.749971821506906
0.905,-0.005885703436491361,5.744086118070414
0.91,-0.010240178737665239,5.733845939332749
0.915,0.013307618129218901,5.747153557461968
0.92,0.0669260700389105,5.814079627500878
0.925,0.058186738836265225,5.8722663663371435
0.93,0.007361487795428129,5.879627854132572
0.935,0.02700632062823214,5.906634174760804
0.94,0.053595269883654394,5.960229444644459
0.945,0.05677914730248535,6.0170085919469445
0.95,0.03507666456626759,6.052085256513212
0.955,0.034722222222222224,6.086807478735435
0.96,0.045912202980265805,6.132719681715701
0.965,0.06334125098970704,6.196060932705407
0.97,0.07069533217121829,6.2667562648766255
0.975,0.06173766185025333,6.328493926726879
0.98,0.04774436090225564,6.376238287629135
0.985,0.010619114405930675,6.386857402035066
0.99,-0.029110936270653028,6.3577464657644125
0.995,-0.00904799370574351,6.348698472058669
1.0,0.05775950668036999,6.406457978739039
1.005,0.058113814598833705,6.464571793337872
1.01,0.07020648967551622,6.534778283013388
1.015,0.05582761998041136,6.5906059029938
1.02,0.017564870259481037,6.60817077325328
1.025,0.02715559960356789,6.635326372856849
1.03,0.00937799043062201,6.64470436328747
1.035,0.03885480572597137,6.683559169013441
1.04,0.032489610880241784,6.716048779893683
1.045,-0.01936998630405009,6.696678793589633
1.05,-0.010696266397578204,6.6859825271920545
1.055,0.0110803324099723,6.697062859602027
1.06,0.042474065374828736,6.739536924976855
1.065,0.01247987117552335,6.752016796152379
1.07,-0.004375118889100247,6.747641677263279
1.075,0.004922515952597994,6.752564193215877
1.08,0.042827753880680754,6.795391947096557
1.085,0.045601291364003226,6.840993238460561
1.09,0.003937007874015748,6.8449302463345765
1.095,0.037164339419978515,6.882094585754555
1.1,0.04804804804804805,6.930142633802602
1.105,0.03973799126637555,6.969880625068978
1.11,0.037111334002006016,7.006991959070984
1.115,0.029019607843137254,7.036011566914121
1.12,0.011086474501108648,7.0470980414152296
1.125,0.031752254018032146,7.078850295433262
1.13,0.02905982905982906,7.107910124493091
1.135,0.023630907726931733,7.131541032220023
1.14,0.0292508020381204,7.160791834258143
1.145,0.042296650717703346,7.203088484975846
1.15,0.0846079380445305,7.2876964230203765
1.155,0.06315381635025184,7.3508502393706285
1.16,0.041755680714701884,7.39260592008533
1.165,0.0380650277557494,7.4306709478410795
1.17,0.0003874467260751647,7.431058394567155
1.175,0.034782608695652174,7.465841003262807
1.18,0.03486529318541997,7.500706296448227
1.185,-0.00681909346169274,7.493887202986534
1.19,0.00506033476060724,7.498947537747141
1.195,0.014996739839165399,7.513944277586306
1.2,0.0219278209227958,7.535872098509103
1.205,0.03854692230070636,7.574419020809809
1.21,0.060044150110375276,7.634463170920184
1.215,0.057535641547861505,7.691998812468046
1.22,0.05491397596040537,7.746912788428451
1.225,0.04250165161858621,7.789414440047038
1.23,0.027255440523980563,7.816669880571018
1.235,0.03868054192028274,7.855350422491301
1.24,0.02330059695744271,7.878651019448744
1.245,-0.0013908205841446453,7.877260198864599
1.25,0.007751937984496124,7.885012136849095
1.255,-0.00040551500405515005,7.88460662184504
1.26,-0.007785985226592134,7.876820636618448
1.265,0.016203703703703703,7.893024340322151
1.27,0.038238238238238235,7.931262578560389
1.275,0.018086816720257234,7.949349395280646
1.28,0.016846488737459777,7.966195884018106
1.285,0.042042042042042045,8.008237926060147
1.29,0.06124948958758677,8.069487415647734
1.295,0.04575986565910999,8.115247281306843
1.3,0.03732567678424938,8.152572958091092
1.305,0.028594939312898582,8.181167897403991
1.31,0.0035468391404131026,8.184714736544404
1.315,-0.012147416100473544,8.17256732044393
1.32,0.0003878975950349108,8.172955218038965
1.325,0.042395954881369116,8.215351172920334
1.33,0.05725268055836537,8.2726038534787
1.335,0.05462608345091716,8.327229936929617
1.34,0.05190592051905921,8.379135857448677
1.345,0.03219275156914355,8.41132860901782
1.35,-0.009542356377799415,8.40178625264002
1.355,-0.0221969265793967,8.379589326060623
1.36,0.005259203606311044,8.384848529666934
1.365,0.02711864406779661,8.41196717373473
1.37,0.029562475364603862,8.441529649099333
1.375,0.04592133307498547,8.48745098217432
1.38,0.06220277724938178,8.549653759423702
1.385,0.0806420421581899,8.630295801581891
1.39,0.07012256379344987,8.700418365375342
1.395,0.01744797141055287,8.717866336785894
1.4,-0.007624398073836276,8.710241938712057
1.405,0.013529645841623557,8.723771584553681
1.41,0.0037767519932857744,8.727548336546967
1.415,-0.03220191470844212,8.695346421838524
1.42,0.036729339746392656,8.732075761584916
1.425,0.09565217391304348,8.82772793549796
1.43,0.08582089552238806,8.913548831020348
1.435,0.032939189189189186,8.946488020209538
1.44,0.012380191693290734,8.958868211902828
1.445,0.052673583399840386,9.01154179530267
1.45,0.020791683326669332,9.032333478629338
1.455,0.025582283314242078,9.05791576194358
1.46,0.08937288772061584,9.147288649664196
1.465,0.07148499210110584,9.218773641765301
1.47,0.06443035385559419,9.283203995620894
1.475,0.09479077711357814,9.377994772734473
1.48,0.07791131371736428,9.455906086451837
1.485,0.0686217008797654,9.524527787331602
1.49,0.05616161616161616,9.580689403493217
1.495,0.03367556468172485,9.614364968174941
1.5,0.032604209657449444,9.646969177832391
1.505,0.013877551020408163,9.6608467288528
1.51,0.026233359436178542,9.687080088288978
1.515,0.06382978723404255,9.750909875523021
1.52,0.033420052031218735,9.78432992755424
1.525,0.01768652165074202,9.80201644920498
1.53,0.07575097953852851,9.877767428743509
1.535,0.02832334091378954,9.906090769657299
1.54,-0.0061752219220378235,9.899915547735262
1.545,0.03485254691689008,9.934768094652151
1.55,0.024292310780967677,9.959060405433119
1.555,-0.0021438316117715845,9.956916573821347
1.56,-0.003724759851009606,9.953191813970339
1.565,-0.0024271844660194173,9.950764629504318
1.57,-0.013254786450662739,9.937509843053656
1.575,-0.003947368421052632,9.933562474632604
1.58,0.013127051101734646,9.946689525734339
1.585,-0.011926605504587157,9.934762920229751
1.59,-0.0691478113766124,9.865615108853138
1.595,-0.10413223140495868,9.761482877448179
1.6,-0.05125628140703518,9.710226596041144
1.605,0.030183468139672518,9.740410064180816
1.61,-0.01885294701329629,9.721557117167519
1.615,-0.05389465121008745,9.66766246595743
1.62,-0.042071197411003236,9.625591268546428
1.625,-0.04927657789893059,9.576314690647497
1.63,-0.05884861407249467,9.517466076575001
1.635,-0.08816120906801007,9.42930486750699
1.64,-0.09230769230769231,9.336997175199299
1.645,-0.07005524861878452,9.266941926580515
1.65,-0.01683211048769961,9.250109816092815
1.655,-0.025543592991344732,9.224566223101471
1.66,-0.010243020686884917,9.214323202414587
1.665,-0.007947276603993022,9.206375925810594
1.67,-0.022523420370739487,9.183852505439855
1.675,-0.034275405892964524,9.14957709954689
1.68,-0.036860879904875146,9.112716219642016
1.685,-0.024293896899071698,9.088422322742943
1.69,-0.05313432835820896,9.035287994384735
1.695,-0.05742013748483623,8.977867856899898
1.7,-0.03286573146292585,8.945002125436973
1.705,0.005221427190098627,8.950223552627072
1.71,0.0204160995527902,8.970639652179862
1.715,-0.015733917546305518,8.954905734633558
1.72,-0.027996845425867507,8.92690888920769
1.725,-0.011534025374855825,8.915374863832835
1.73,0.0,8.915374863832835
1.735,-0.021365890881343,8.894008972951491
1.74,-0.022389538339607686,8.871619434611883
1.745,-0.029405800040559725,8.842213634571323
1.75,-0.08623548922056384,8.75597814535076
1.755,-0.07599417031022278,8.679983975040537
1.76,-0.05785456006428284,8.622129414976254
1.765,-0.04259401381427475,8.579535401161978
1.77,-0.013425549227013833,8.566109851934964
1.775,0.01076194575979337,8.576871797694757
1.78,0.026853707414829658,8.603725505109587
1.785,-0.007338740826573967,8.596386764283013
1.79,-0.06317654005117103,8.533210224231842
1.795,-0.0626830697129467,8.470527154518896
1.8,-0.0635646032405484,8.406962551278347
1.805,-0.03794739111686071,8.369015160161487
1.81,-0.011301799916282964,8.357713360245205
1.815,-0.060822147651006714,8.296891212594199
1.82,-0.060712080675036015,8.236179131919164
1.825,-0.04452654092941863,8.191652590989746
1.83,-0.04823641563393708,8.143416175355808
1.835,-0.0035991665088084867,8.139817008847
1.84,0.009410409064720569,8.149227417911721
1.845,-0.026785714285714284,8.122441703626007
1.85,-0.045400710619818395,8.07704099300619
1.855,-0.08409235331497564,7.992948639691214
1.86,-0.07637431808644565,7.916574321604768
1.865,-0.016246953696181964,7.900327367908586
1.87,-0.010611205432937181,7.889716162475649
1.875,-0.018048990116029222,7.871667172359619
1.88,-0.02031694433157253,7.851350228028047
1.885,-0.028085443037974684,7.823264784990072
1.89,-0.03315132605304212,7.7901134589370296
1.895,-0.013219284603421462,7.776894174333608
1.9,-0.0013610733035193468,7.775533101030089
1.905,-0.02061211742660837,7.754920983603481
1.91,-0.05362379555927943,7.701297188044201
1.915,-0.020992740827938002,7.680304447216263
1.92,0.004548151077714059,7.684852598293976
1.925,-0.013835973531181071,7.671016624762795
1.93,-0.026614481409001956,7.644402143353793
1.935,-0.03205629397967162,7.612345849374122
1.94,-0.008884501480750246,7.603461347893371
1.945,-0.033615097306860624,7.569846250586511
1.95,-0.028381287923272658,7.541464962663238
1.955,-0.0367574011523942,7.504707561510844
1.96,-0.0584493041749503,7.446258257335893
1.965,-0.06684340087104715,7.379414856464846
1.97,-0.07528089887640449,7.304133957588442
1.975,-0.04528376507810955,7.258850192510332
1.98,-0.04894822006472492,7.209901972445607
1.985,-0.05142619196335624,7.1584757804822505
1.99,-0.04273858921161826,7.115737191270632
1.995,-0.05722831505483549,7.058508876215797
2.0,-0.056198011767092715,7.002310864448704
2.005,-0.0037886340977068794,6.998522230350997
2.01,0.013230205577040504,7.011752435928038
2.015,0.003299049097613041,7.015051485025651
2.02,0.00852434173138852,7.02357582675704
2.025,-0.024506873879258817,6.999068952877781
2.03,-0.03663663663663664,6.962432316241145
2.035,-0.05025773195876289,6.912174584282382
2.04,-0.046097672295755364,6.866076911986626
2.045,-0.004666949512091642,6.861409962474535
2.05,-0.0006197066721751704,6.8607902558023595
2.055,-0.029198682766191,6.831591573036168
2.06,-0.07858963466440103,6.753001938371767
2.065,-0.09214315096668038,6.660858787405087
2.07,-0.019547125991871493,6.641311661413216
2.075,0.01937689969604863,6.660688561109264
2.08,-0.03396984924623116,6.626718711863033
2.085,-0.06677524429967427,6.559943467563358
2.09,-0.02997694081475788,6.5299665267486
2.095,0.012321909896033885,6.542288436644634
2.1,-0.011759581881533102,6.5305288547631015
2.105,-0.07586558044806517,6.4546632743150365
2.11,-0.10614805520702635,6.34851521910801
2.115,-0.05973496432212028,6.288780254785889
2.12,-0.05051622418879056,6.238264030597099
2.125,-0.060611747044473634,6.177652283552625
2.13,-0.03998447204968944,6.1376678115029355
2.135,-0.008603832616347283,6.129063978886588
2.14,-0.010469174098487785,6.1185948047881
2.145,-0.016560030109145654,6.1020347746789545
2.15,-0.012010848508330105,6.090023926170624
2.155,-0.007558578987150416,6.082465347183474
2.16,0.022780269058295964,6.10524561624177
2.165,-0.0021488571986716157,6.1030967590430985
2.17,-0.0552929085303186,6.04780385051278
2.175,-0.046030150753768845,6.001773699759012
2.18,-0.01821705426356589,5.983556645495446
2.185,-0.03176517893043828,5.951791466565007
2.19,-0.0623210746531601,5.889470391911847
2.195,-0.046263345195729534,5.843207046716118
2.2,-0.014567950508880463,5.828639096207238
2.205,0.005545993497800727,5.834185089705039
2.21,-0.0055227575699866695,5.828662332135052
2.215,-0.057295645530939646,5.771366686604113
2.22,-0.05339805825242718,5.717968628351685
2.225,-0.04223744292237443,5.675731185429311
2.23,-0.023012956874879132,5.6527182285544315
2.235,0.0008012820512820513,5.6535195106057134
2.24,-0.027893175074183978,5.625626335531529
2.245,-0.04367993815229996,5.581946397379229
2.25,-0.03387220939183987,5.54807418798739
2.255,-0.047542627883650955,5.500531560103739
2.26,-0.07449120727129026,5.426040352832449
2.265,-0.033210332103321034,5.392830020729128
2.27,0.001610305958132045,5.39444032668726
2.275,-0.009685708638070766,5.384754618049189
2.28,-0.02420929324482624,5.360545324804362
2.285,-0.055161544523246654,5.305383780281115
2.29,-0.07948172500483465,5.225902055276281
2.295,-0.09228218824829619,5.133619867027985
2.3,-0.061921191211185764,5.0716986758167995
2.305,-0.046227810650887574,5.025470865165912
2.31,-0.0517477055262644,4.973723159639647
2.315,-0.028953229398663696,4.944769930240983
2.32,-0.02535211267605634,4.919417817564926
2.325,-0.02036067481093659,4.89905714275399
2.33,-0.03528094082508867,4.863776201928902
2.335,-0.04602667668607928,4.817749525242823
2.34,-0.07211632933778739,4.745633195905035
2.345,-0.06762132060461416,4.678011875300421
2.35,-0.04758235407435947,4.630429521226062
2.355,-0.05730059013896821,4.573128931087093
2.36,-0.0456656346749226,4.52746329641217
2.365,-0.022695320345450895,4.504767976066719
2.37,-0.0031658092599920855,4.501602166806727
2.375,-0.036845983787767135,4.4647561830189595
2.38,-0.07267384916748286,4.3920823338514765
2.385,-0.040109389243391066,4.351972944608085
2.39,-0.021761236526337196,4.330211708081748
2.395,-0.044925720422409166,4.285285987659339
2.4,-0.04530627038782167,4.239979717271518
2.405,-0.04315270935960591,4.196827007911912
2.41,-0.06315144083384426,4.133675567078067
2.415,-0.04864449144395309,4.085031075634114
2.42,-0.02002722146607039,4.065003854168044
2.425,-0.02205444069143652,4.042949413476607
2.43,-0.06477032481260811,3.9781790886639987
2.435,-0.09161865824196246,3.8865604304220365
2.44,-0.034970238095238096,3.8515901923267983
2.445,0.008666164280331574,3.8602563566071297
2.45,-0.02481582008530438,3.8354405365218254
2.455,-0.06012467323547155,3.775315863286354
2.46,-0.0518079932332417,3.7235078700531123
2.465,0.009541117673784643,3.733048987726897
2.47,0.004500450045004501,3.7375494377719014
2.475,-0.013504823151125401,3.724044614620776
2.48,-0.003589053387169134,3.720455561233607
2.485,-0.037211493170042395,3.6832440680635647
2.49,-0.046608214120904476,3.63663585394266
2.495,-0.0399313009875483,3.596704552955112
2.5,-0.023832590583220306,3.5728719623718916
2.505,-0.03440580249209597,3.5384661598797957
2.51,-0.03515475735575086,3.503311402524045
2.515,-0.02095390141688286,3.482357501107162
2.52,-0.05374592833876222,3.4286115727684
2.525,-0.07124429450287756,3.357367278265522
2.53,-0.022511848341232227,3.33485542992429
2.535,-0.0022181891510385156,3.3326372407732516
2.54,-0.04630163304514889,3.2863356077281027
2.545,-0.02297147091515376,3.263364136812949
2.55,-0.02406670456698882,3.2392974322459605
2.555,-0.049869743208038705,3.1894276890379216
2.56,0.03001765744555621,3.219445346483478
2.565,0.008859784283513097,3.2283051307669908
2.57,-0.059480202337345196,3.1688249284296455
2.575,-0.055350553505535055,3.1134743749241105
2.58,-0.03808073115003808,3.0753936437740723
2.585,0.0007547169811320754,3.0761483607552043
2.59,0.006578947368421052,3.0827273081236255
2.595,-0.03659704924315003,3.0461302588804755
2.6,-0.026986223815814305,3.0191440350646612
2.605,0.02381838481577968,3.042962419880441
2.61,0.024562709341272793,3.0675251292217136
2.615,-0.013207547169811321,3.0543175820519024
2.62,-0.01768020205945211,3.03663737999245
2.625,-0.007697108383607239,3.028940271608843
2.63,-0.016572352465642683,3.0123679191432005
2.635,-0.05913773368943152,2.953230185453769
2.64,-0.07049808429118774,2.8827321011625813
2.645,-0.05998142989786444,2.822750671264717
2.65,-0.05512111386610719,2.7676295573986094
2.655,-0.047946513849092647,2.7196830435495167
2.66,-0.056163113994439295,2.6635199295550773
2.665,-0.04836852207293666,2.6151514074821405
2.67,-0.02201974183750949,2.593131665644631
2.675,-0.05620915032679739,2.536922515317834
2.68,-0.0665163472378805,2.470406168079953
2.685,-0.011581545471805581,2.4588246226081476
2.69,-0.03395522388059701,2.4248693987275507
2.695,-0.02803030303030303,2.396839095697248
2.7,-0.026196572779200317,2.3706425229180477
2.705,-0.04528668610301263,2.325355836815035
2.71,-0.035493827160493825,2.2898620096545415
2.715,-0.031189083820662766,2.2586729258338787
2.72,-0.008180755746007013,2.2504921700878717
2.725,-0.05613627564847077,2.194355894439401
2.73,-0.11753297129557796,2.076822923143823
2.735,-0.07974010632014177,1.9970828168236814
2.74,-0.05415900265685673,1.9429238141668246
2.745,-0.05282041060394658,1.890103403562878
2.75,-0.05267295597484277,1.8374304475880354
2.755,-0.04003425390708628,1.797396193680949
2.76,-0.0031222123104371097,1.794273981370512
2.765,0.007379295804343242,1.8016532771748552
2.77,-0.0010686044026501388,1.800584672772205
2.775,-0.031131678586453514,1.7694529941857515
2.78,-0.08826049700085689,1.6811924971848946
2.785,-0.08792270531400966,1.593269791870885
2.79,0.005111429155591904,1.5983812210264767
2.795,0.02482811306340718,1.6232093340898839
2.8,0.0026965359883841526,1.625905870078268
2.805,0.004484304932735426,1.6303901750110035
2.81,0.0045351473922902496,1.6349253224032938
2.815,-0.03570731707317073,1.599218005330123
2.82,-0.07275541795665634,1.5264625873734667
2.825,-0.03288348222771336,1.4935791051457534
2.83,-0.009019165727170236,1.484559939418583
2.835,-0.049403122130394855,1.4351568172881883
2.84,-0.0306047197640118,1.4045520975241765
2.845,-0.023438897835033102,1.3811131996891435
2.85,-0.014221422142214222,1.3668917775469294
2.855,0.015551808131909312,1.3824435856788386
2.86,0.004401913875598086,1.3868454995544368
2.865,-0.014280200694712466,1.3725652988597243
2.87,-0.06157354618015964,1.3109917526795647
2.875,-0.0573175391669851,1.2536742135125796
2.88,-0.05645330535152151,1.197220908161058
2.885,-0.07665805340223945,1.1205628547588187
2.89,-0.023529411764705882,1.0970334429941129
2.895,-0.028941355674028942,1.0680920873200839
2.9,-0.03099510603588907,1.0370969812841948
2.905,-0.01348747591522158,1.0236095053689733
2.91,-0.06365834004834811,0.9599511653206252
2.915,-0.05758754863813229,0.9023636166824929
2.92,-0.0663005100039231,0.8360631066785698
2.925,-0.05844675740592474,0.777616349272645
2.93,-0.031243700866760735,0.7463726484058842
2.935,-0.018645731108930325,0.7277269172969539
2.94,-0.006581494386372435,0.7211454229105815
2.945,-0.05025125628140704,0.6708941666291744
2.95,-0.06849830636055702,0.6023958602686175
2.955,-0.055503292568203196,0.5468925677004143
2.96,-0.05536594615092909,0.4915266215494852
2.965,-0.050268610897927855,0.44125801065155734
2.97,-0.03925739702185264,0.4020006136297047
2.975,-0.03261703760552571,0.369383576024179
2.98,-0.06428571428571428,0.3050978617384647
2.985,-0.07220216606498195,0.23289569567348276
2.99,-0.03619784470848301,0.19669785096499975
2.995,-0.05848413322842906,0.1382137177365707
3.0,-0.046713168463326994,0.09150054927324372
3.005,-0.023961661341853034,0.06753888793139068
3.01,-0.03291442250149611,0.03462446542989457
3.015,-0.041371158392434985,-0.006746692962540414
3.02,-0.0045036224789504605,-0.011250315441490875
3.025,0.007922705314009662,-0.003327610127481213
3.03,-0.008944543828264758,-0.012272153955745971
3.035,-0.041235098690639044,-0.05350725264638501
3.04,-0.03735078937235271,-0.09085804201873773
3.045,-0.019943019943019943,-0.11080106196175768
3.05,-0.05070318282753516,-0.16150424478929284
3.055,-0.04464456792488983,-0.20614881271418267
3.06,-0.02520685010583029,-0.23135566282001296
3.065,-0.02729044834307992,-0.2586461111630929
3.07,-0.02683219863836604,-0.28547830980145894
3.075,-0.06634692246203037,-0.35182523226348933
3.08,-0.05644384511654787,-0.4082690773800372
3.085,-0.02060282334986646,-0.42887190072990367
3.09,-0.021659957830170596,-0.45053185856007427
3.095,0.003249856623972472,-0.4472820019361018
3.1,-0.01192570869990225,-0.459207710636004
3.105,-0.043188064389477816,-0.5023957750254818
3.11,-0.056109481915933526,-0.5585052569414154
3.115,-0.04963704139690014,-0.6081422983383156
3.12,-0.06095423563777994,-0.6690965339760955
3.125,-0.061953488372093024,-0.7310500223481885
3.13,-0.03029155622870125,-0.7613415785768898
3.135,-0.028954106755958244,-0.790295685332848
3.14,-0.04912414318354912,-0.8394198285163971
3.145,-0.041069723018147083,-0.8804895515345441
3.15,-0.02103400825633969,-0.9015235597908838
3.155,-0.016296878067936383,-0.9178204378588202
3.16,-0.026582520558424173,-0.9444029584172443
3.165,-0.03695150115473441,-0.9813544595719788
3.17,-0.03068951773614986,-1.0120439773081287
3.175,-0.043206256109481915,-1.0552502334176106
3.18,-0.04012465913517725,-1.0953748925527877
3.185,-0.008857022353437369,-1.1042319149062252
3.19,0.012256014525646845,-1.0919759003805782
3.195,-0.04414432574077807,-1.1361202261213563
3.2,-0.07635694572217111,-1.2124771718435274
3.205,-0.03800786369593709,-1.2504850355394646
3.21,-0.010173323285606632,-1.2606583588250713
3.215,-0.02555301296720061,-1.2862113717922719
3.22,-0.03778625954198473,-1.3239976313342565
3.225,-0.023622047244094488,-1.347619678578351
3.23,0.006454062262718299,-1.3411656163156327
3.235,0.024602573807721424,-1.3165630425079113
3.24,-0.007840887358959648,-1.324403929866871
3.245,0.008672191173636538,-1.3157317386932346
3.25,0.013709517186568647,-1.302022221506666
3.255,-0.06695379796397807,-1.368976019470644
3.26,-0.06537717601547388,-1.4343531954861177
3.265,-0.038728453100514884,-1.4730816485866327
3.27,-0.07665352606219886,-1.5497351746488315
3.275,-0.04915484748397125,-1.5988900221328026
3.28,0.0037423675398857593,-1.5951476545929169
3.285,0.009020090200902008,-1.5861275643920147
3.29,-0.011759851454507943,-1.5978874158465226
3.295,-0.02813397129186603,-1.6260213871383886
3.3,-0.0243087771386157,-1.6503301642770043
3.305,-0.04178377365561177,-1.692113937932616
3.31,-0.06565464895635674,-1.7577685868889728
3.315,-0.059957586273375746,-1.8177261731623484
3.32,-0.06213317142278891,-1.8798593445851373
3.325,-0.06964573268921095,-1.9495050772743483
3.33,-0.07352366053969496,-2.0230287378140432
3.335,-0.08670520231213873,-2.109733940126182
3.34,-0.030337941628264208,-2.140071881754446
3.345,0.007840062720501764,-2.132231819033944
3.35,-0.056827150749802685,-2.189058969783747
3.355,-0.039120715350223545,-2.2281796851339704
3.36,-0.007889546351084813,-2.236069231485055
3.365,-0.021956938819015136,-2.2580261703040705
3.37,-0.021067139200630046,-2.2790933095047006
3.375,-0.012961888179531825,-2.2920551976842325
3.38,-0.005926511260371394,-2.297981708944604
3.385,-0.02572283150548355,-2.3237045404500876
3.39,-0.052692980750534704,-2.376397521200622
3.395,-0.0738731999251917,-2.450270721125814
3.4,-0.05408996014423989,-2.504360681270054
3.405,0.005171423099023176,-2.4991892581710307
3.41,0.01905717151454363,-2.480132086656487
3.415,0.026239067055393587,-2.4538930196010935
3.42,0.014039944631204272,-2.4398530749698892
3.425,-0.07166569029486429,-2.5115187652647535
3.43,-0.08500895878956799,-2.5965277240543214
3.435,-0.021129622104835433,-2.617657346159157
3.44,-0.036008851337759,-2.653666197496916
3.445,-0.07111813512445674,-2.7247843326213728
3.45,-0.07518349533822655,-2.799967827959599
3.455,-0.05408142596718655,-2.8540492539267857
3.46,-0.033481242436466316,-2.8875304963632518
3.465,-0.04804378674234746,-2.9355742831055993
3.47,-0.043354365967840425,-2.9789286490734397
3.475,-0.05593990907293932,-3.034868558146379
3.48,-0.05664652567975831,-3.091515083826137
3.485,-0.03618052965311451,-3.1276956134792515
3.49,-0.03905187487857004,-3.1667474883578217
3.495,-0.0062402496099844,-3.172987737967806
3.5,0.012977242806093662,-3.1600104951617123
3.505,-0.047267355982274745,-3.2072778511439872
3.51,-0.08626560726447219,-3.2935434584084593
3.515,-0.07083574599498166,-3.364379204403441
3.52,-0.04570042902443574,-3.4100796334278765
3.525,-0.01661998132586368,-3.42669961475374
3.53,-0.031007751937984496,-3.4577073666917246
3.535,-0.02774610414291144,-3.485453470834636
3.54,-0.007153614457831325,-3.4926070852924673
3.545,-0.0286144578313253,-3.5212215431237928
3.55,-0.036601555091978,-3.5578230982157706
3.555,-0.04926108374384237,-3.607084181959613
3.56,-0.05137440758293839,-3.6584585895425517
3.565,-0.04249617151607963,-3.700954761058631
3.57,-0.043691148775894535,-3.7446459098345257
3.575,-0.04496300512236767,-3.7896089149568932
3.58,-0.019021158367172473,-3.808630073324066
3.585,-0.03456841233699027,-3.8431984856610564
3.59,-0.05830903790087463,-3.901507523561931
3.595,-0.04520727818420559,-3.9467148017461366
3.6,-0.06796116504854369,-4.01467596679468
3.605,-0.026835631755497576,-4.041511598550178
3.61,-0.007797994801336799,-4.049309593351515
3.615,-0.017869907076483203,-4.067179500427998
3.62,0.03405346027096302,-4.033126040157035
3.625,0.014421252371916509,-4.0187047877851185
3.63,-0.042643923240938165,-4.061348711026056
3.635,-0.031019861638027228,-4.092368572664084
3.64,-0.02710027100271003,-4.119468843666794
3.645,-0.014299332697807437,-4.133768176364601
3.65,-0.005302226935312832,-4.139070403299914
3.655,-0.02466525722339676,-4.163735660523311
3.66,-0.006060606060606061,-4.1697962665839166
3.665,-0.02358589021081194,-4.193382156794729
3.67,-0.04452267550217436,-4.237904832296903
3.675,-0.04648023143683703,-4.2843850637337395
3.68,-0.043494704992435705,-4.327879768726175
3.685,-0.03909996311324235,-4.366979731839418
3.69,-0.04543815362423368,-4.412417885463652
3.695,-0.03042903042903043,-4.442846915892683
3.7,-0.03425837320574163,-4.477105289098424
3.705,-0.03981710802057535,-4.516922397118999
3.71,-0.01795225882817124,-4.534874655947171
3.715,-0.01900990099009901,-4.55388455693727
3.72,-0.02626343016315161,-4.580147987100421
3.725,-0.036961404941801106,-4.617109392042222
3.73,-0.01740571902196436,-4.634515111064187
3.735,0.009531535185560738,-4.624983575878626
3.74,-0.005980861244019139,-4.630964437122645
3.745,0.004212945231711987,-4.626751491890933
3.75,-0.013292236563282605,-4.6400437284542155
3.755,-0.05621939275220372,-4.696263121206419
3.76,-0.03972676613338127,-4.735989887339801
3.765,0.030049751243781096,-4.70594013609602
3.77,0.04409246575342466,-4.6618476703425955
3.775,-0.004454774355994577,-4.66630244469859
3.78,-0.011472634944517585,-4.677775079643108
3.785,0.005237560793116348,-4.672537518849992
3.79,-0.01910315704805952,-4.691640675898051
3.795,-0.023073373327180433,-4.714714049225232
3.8,-0.026110363391655452,-4.740824412616887
3.805,-0.07351108896087714,-4.814335501577764
3.81,-0.04198238787630555,-4.856317889454069
3.815,-0.03346303501945525,-4.889780924473524
3.82,-0.04156195631161801,-4.9313428807851425
3.825,-0.034212002243409985,-4.9655548830285525
3.83,-0.03035947103743714,-4.99591435406599
3.835,-0.03366256803063898,-5.029576922096629
3.84,-0.050606440819740695,-5.08018336291637
3.845,-0.06339781651024708,-5.143581179426617
3.85,-0.031135531135531136,-5.174716710562148
3.855,-0.015194147439504783,-5.189910858001653
3.86,-0.019279454722492696,-5.209190312724146
3.865,-0.01910577112467993,-5.228296083848826
3.87,-0.04195936966014809,-5.270255453508974
3.875,-0.03665716999050332,-5.3069126234994775
3.88,-0.027151051625239005,-5.334063675124717
3.885,-0.01366223908918406,-5.347725914213901
3.89,0.004512458308809104,-5.343213455905092
3.895,-0.006490872210953347,-5.3497043281160455
3.9,-0.03517794692450113,-5.384882275040547
3.905,-0.06704591629418935,-5.451928191334736
3.91,-0.0561576354679803,-5.508085826802716
3.915,-0.034021406727828746,-5.542107233530545
3.92,-0.03702260327357755,-5.579129836804122
3.925,-0.017391304347826087,-5.596521141151948
3.93,0.02513747054202671,-5.571383670609921
3.935,0.04923867905873047,-5.52214499155119
3.94,0.07629107981220658,-5.4458539117389835
3.945,0.07740422204847537,-5.368449689690508
3.95,0.04540207772220085,-5.323047611968307
3.955,0.029768467475192944,-5.293279144493114
3.96,0.015298507462686567,-5.277980637030428
3.965,0.013243724056137577,-5.26473691297429
3.97,0.04983644410236675,-5.214900468871924
3.975,0.07305255311218785,-5.141847915759736
3.98,0.06878306878306878,-5.073064846976667
3.985,0.026376146788990827,-5.046688700187676
3.99,-0.005015432098765432,-5.051704132286442
3.995,0.03707823507601038,-5.014625897210432
4.0,0.02799768295037652,-4.9866282142600555
4.005,0.013949780789159028,-4.972678433470897
4.01,0.04109077325364214,-4.931587660217255
4.015,0.04212694252012732,-4.889460717697127
4.02,0.05479715439338589,-4.834663563303741
4.025,0.035687453042824946,-4.7989761102609165
4.03,0.023778801843317973,-4.7751973084175985
4.035,0.0933992771542705,-4.681798031263328
4.04,0.10090270812437312,-4.580895323138955
4.045,0.042548731922028925,-4.538346591216926
4.05,0.018459069020866775,-4.5198875221960595
4.055,0.00456968773800457,-4.515317834458055
4.06,0.017838835349600166,-4.497478999108455
4.065,0.017477363655506423,-4.480001635452949
4.07,0.01061981077428075,-4.469381824678668
4.075,0.037007718187215516,-4.432374106491452
4.08,0.016233131234109133,-4.416140975257343
4.085,0.011330900710581909,-4.404810074546761
4.09,0.01336432306798373,-4.391445751478777
4.095,-0.010530274539300489,-4.401976026018078
4.1,-0.004206500956022944,-4.406182526974101
4.105,0.02474469756480754,-4.381437829409293
4.11,0.043775100401606426,-4.337662729007687
4.115,-0.010073079202054119,-4.347735808209741
4.12,-0.028375547514759094,-4.3761113557245
4.125,0.0044742729306487695,-4.3716370827938515
4.13,0.03246150992394732,-4.339175572869904
4.135,0.03285687766846111,-4.306318695201443
4.14,0.0350974930362117,-4.271221202165232
4.145,0.06173766185025333,-4.209483540314978
4.15,0.04509283819628647,-4.164390702118692
4.155,0.05504758350438515,-4.109343118614307
4.16,0.06277427971761114,-4.046568838896696
4.165,0.0759568204121688,-3.970612018484527
4.17,0.11370839936608558,-3.8569036191184414
4.175,0.08368284401837428,-3.773220775100067
4.18,0.04439663602581655,-3.7288241390742507
4.185,0.040722243565117174,-3.6881018955091336
4.19,0.0013052396046988625,-3.6867966559044345
4.195,0.0005521811154058532,-3.686244474789029
4.2,0.05202740233290132,-3.6342170724561274
4.205,0.04455997029335314,-3.589657102162774
4.21,0.06041033434650456,-3.52924676781627
4.215,0.05139557266602503,-3.4778511951502447
4.22,0.02163265306122449,-3.45621854208902
4.225,0.03336663336663337,-3.4228519087223868
4.23,0.0174573055028463,-3.4053946032195404
4.235,0.01769230769230769,-3.3877022955272325
4.24,0.023543033577769202,-3.3641592619494634
4.245,-0.000388651379712398,-3.364547913329176
4.25,0.021398002853067047,-3.3431499104761087
4.255,0.05059947165210323,-3.2925504388240054
4.26,0.05265289590927501,-3.2398975429147305
4.265,0.03824904377390565,-3.2016484991408247
4.27,0.007852375343541421,-3.1937961237972834
4.275,0.02771272443403591,-3.1660833993632473
4.28,0.04138357010500309,-3.1246998292582444
4.285,0.012331180270111567,-3.112368648988133
4.29,0.03980744306609887,-3.072561205922034
4.295,0.034585347712904425,-3.0379758582091294
4.3,0.0007513148009015778,-3.037224543408228
4.305,0.005510165304959149,-3.0317143781032687
4.31,-0.004983057604145904,-3.036697435707415
4.315,-0.004397215097105167,-3.04109465080452
4.32,0.029042904290429043,-3.0120517465140906
4.325,0.05867620751341682,-2.9533755390006737
4.33,0.04178814382896016,-2.9115873951717135
4.335,0.02865101472343812,-2.8829363804482755
4.34,0.04548235774015909,-2.8374540227081164
4.345,0.04358208955223881,-2.7938719331558777
4.35,0.01486374896779521,-2.7790081841880823
4.355,-0.008243500317057704,-2.78725168450514
4.36,-0.0050041701417848205,-2.7922558546469247
4.365,0.009361348034116913,-2.782894506612808
4.37,0.02585858585858586,-2.757035920754222
4.375,0.02204568023833168,-2.73499024051589
4.38,0.01973812780926324,-2.7152521127066267
4.385,0.014755959137343927,-2.700496153569283
4.39,0.011214953271028037,-2.6892812002982547
4.395,0.03688600556070436,-2.6523951947375504
4.4,0.07044864664441973,-2.5819465480931307
4.405,0.08123354644603234,-2.500713001647098
4.41,0.07710325980870583,-2.4236097418383924
4.415,0.052290231049858124,-2.3713195107885343
4.42,0.045910493827160496,-2.3254090169613737
4.425,0.04905808477237049,-2.276350932189003
4.43,0.03225806451612903,-2.244092867672874
4.435,0.02981139728249848,-2.2142814703903757
4.44,0.03172978505629478,-2.1825516853340807
4.445,0.058823529411764705,-2.1237281559223162
4.45,0.06341463414634146,-2.0603135217759747
4.455,0.051901817500468427,-2.008411704275506
4.46,0.020587113991612657,-1.9878245902838934
4.465,0.014891179839633447,-1.97293341044426
4.47,0.0283701819604774,-1.9445632284837826
4.475,0.02890932982917214,-1.9156538986546106
4.48,0.015219721329046088,-1.9004341773255644
4.485,-0.019256434699714012,-1.9196906120252784
4.49,-0.026457131489954246,-1.9461477435152326
4.495,0.010734929810074319,-1.9354128137051583
4.5,0.029539351373683125,-1.9058734623314753
4.505,0.0329432162982228,-1.8729302460332524
4.51,0.020166073546856466,-1.852764172486396
4.515,0.006123919308357349,-1.8466402531780386
4.52,0.00018814675446848542,-1.8464521064235702
4.525,-0.027059055895714005,-1.8735111623192842
4.53,-0.00997207818109294,-1.8834832405003772
4.535,0.004463336875664187,-1.879019903624713
4.54,0.03488644345586514,-1.844133460168848
4.545,0.06436077057793345,-1.7797726895909145
4.55,0.026234567901234566,-1.75353812168968
4.555,0.009617271835132482,-1.7439208498545475
4.56,0.011994307786135394,-1.7319265420684122
4.565,-0.007086614173228346,-1.7390131562416407
4.57,0.015240804714488925,-1.7237723515271517
4.575,0.047867711053089644,-1.675904640474062
4.58,0.015151515151515152,-1.660753125322547
4.585,0.009671179883945842,-1.651081945438601
4.59,0.03864458404721112,-1.6124373613913898
4.595,0.051767923422543466,-1.5606694379688464
4.6,0.03819585534335636,-1.52247358262549
4.605,0.017217494557688503,-1.5052560880678016
4.61,0.020762551906379767,-1.484493536161422
4.615,0.032004491858506456,-1.4524890443029155
4.62,0.027379400260756193,-1.4251096440421593
4.625,0.04145936981757877,-1.3836502742245806
4.63,0.046080411235542504,-1.3375698629890382
4.635,0.06390262457208064,-1.2736672384169576
