position_Mb,shannon_entropy
0.0025,1.9956700029116878
0.005,1.9973251378569987
0.0075,1.9967166463507253
0.01,1.9991248809704139
0.0125,1.9977064307581254
0.015,1.9971973771976526
0.0175,1.9976740437517448
0.02,1.9957384998668903
0.0225,1.9958248775238234
0.025,1.9912942699977585
0.0275,1.996776499185435
0.03,1.9976983645601805
0.0325,1.993529311698177
0.035,1.9979257608455403
0.0375,1.9965946848655973
0.04,1.9997850167155944
0.0425,1.9979974881251716
0.045,1.9927840783166768
0.0475,1.9879244508878704
0.05,1.9927372024332026
0.0525,1.9951896469954797
0.055,1.996827602576087
0.0575,1.9979768183641575
0.06,1.9991265594962848
0.0625,1.9929412909923085
0.065,1.9929997180686276
0.0675,1.9874300808687058
0.07,1.9922088603073487
0.0725,1.9929821247616986
0.075,1.9907323716615242
0.0775,1.9961740530505867
0.08,1.9928881892966275
0.0825,1.997255614600278
0.085,1.9959245586917644
0.0875,1.9973616482812375
0.09,1.9974475874121982
0.0925,1.9905517523357892
0.095,1.9882623148245662
0.0975,1.9877752613344113
0.1,1.9878942246327913
0.1025,1.9893039383257736
0.105,1.9929563362382146
0.1075,1.9980262223741576
0.11,1.9975846232273957
0.1125,1.999130494079801
0.115,1.9986520419392515
0.1175,1.9958849377152788
0.12,1.9995579265833139
0.1225,1.997848044759785
0.125,1.9933397248582767
0.1275,1.9941778776269867
0.13,1.9969094423720295
0.1325,1.9946944363193395
0.135,1.9969389032025937
0.1375,1.9981942873598362
0.14,1.9963568934028038
0.1425,1.9970578828973813
0.145,1.998258813325334
0.1475,1.9995462712066012
0.15,1.994675189855641
0.1525,1.9815534992709178
0.155,1.9818316418499773
0.1575,1.9984331636143362
0.16,1.9956206237109038
0.1625,1.9940234479296275
0.165,1.9907927914472177
0.1675,1.9972860250282283
0.17,1.9899759370246937
0.1725,1.9794418662562245
0.175,1.9920530330402488
0.1775,1.9978083453786564
0.18,1.9992936257869414
0.1825,1.9988335723506756
0.185,1.997993793417478
0.1875,1.9983043837742063
0.19,1.998978257880092
0.1925,1.9957608330075032
0.195,1.9949263038361644
0.1975,1.9948167135835053
0.2,1.9981189366481242
0.2025,1.9960755571113498
0.205,1.9916074897587661
0.2075,1.9937497613930786
0.21,1.9972367564122506
0.2125,1.9962823007957706
0.215,1.997518566477058
0.2175,1.9977133868884935
0.22,1.9978026493455823
0.2225,1.9984928466510619
0.225,1.9876688572768713
0.2275,1.990670079090476
0.23,1.9990314155661388
0.2325,1.99833665620318
0.235,1.9960175445060861
0.2375,1.9918288722073414
0.24,1.997663308096106
0.2425,1.9963689871248498
0.245,1.9999522514966235
0.2475,1.9992721706639855
0.25,1.997635582079388
0.2525,1.9989822046851602
0.255,1.9997810923199926
0.2575,1.999755820378902
0.26,1.9996230451971038
0.2625,1.9973104598046194
0.265,1.9957703316634519
0.2675,1.9970811888238313
0.27,1.995045061441016
0.2725,1.9964562197094502
0.275,1.986518551839193
0.2775,1.9884007618406083
0.28,1.9907330191350696
0.2825,1.9652862994606404
0.285,1.9513805528714052
0.2875,1.9593522708945674
0.29,1.9893527227748662
0.2925,1.986480517729163
0.295,1.9701093129047096
0.2975,1.9984517394599768
0.3,1.976189282114762
0.3025,1.9958817218921516
0.305,1.9980410529937842
0.3075,1.9938091859146607
0.31,1.998621053156999
0.3125,1.9804327461233122
0.315,1.9919481473504823
0.3175,1.9952662957849197
0.32,1.9911838378915077
0.3225,1.9942620311224388
0.325,1.9992906842092666
0.3275,1.992733746479179
0.33,1.9941722190702849
0.3325,1.9976147910363544
0.335,1.997853511316777
0.3375,1.994866784285041
0.34,1.9835846248632414
0.3425,1.9980752800233912
0.345,1.994549561485882
0.3475,1.9991136411991484
0.35,1.9916987189596334
0.3525,1.9874734342581157
0.355,1.9886973142883664
0.3575,1.9944756021023213
0.36,1.9967395586672156
0.3625,1.9978160078157412
0.365,1.9936237400011194
0.3675,1.9926002488469892
0.37,1.990146215604983
0.3725,1.9867262904688925
0.375,1.9854044493820573
0.3775,1.9959112057152717
0.38,1.9991365149813909
0.3825,1.9975799350649914
0.385,1.9989225475002779
0.3875,1.9952485431495741
0.39,1.998714035266016
0.3925,1.9951101633367088
0.395,1.9995668994239977
0.3975,1.998987071925813
0.4,1.998725066147848
0.4025,1.999400409731348
0.405,1.9985801992616197
0.4075,1.9997414384814034
0.41,1.9993023180122749
0.4125,1.996788717844797
0.415,1.9912902521208018
0.4175,1.996581086068182
0.42,1.9889937508291353
0.4225,1.990621656565029
0.425,1.995864005774429
0.4275,1.997085710248881
0.43,1.9992646687175004
0.4325,1.9993454713768948
0.435,1.9951150956204258
0.4375,1.9948216796250353
0.44,1.9955914572537625
0.4425,1.9975414346506588
0.445,1.9966107521603367
0.4475,1.9910965260117748
0.45,1.9940956351528165
0.4525,1.9969414117605755
0.455,1.9964517058992501
0.4575,1.99379366390608
0.46,1.9948968846720228
0.4625,1.9948450420122996
0.465,1.9979350848042516
0.4675,1.9974129253465893
0.47,1.9918552327101697
0.4725,1.9878648401034347
0.475,1.9955335490484654
0.4775,1.9997475542667653
0.48,1.9967579218147744
0.4825,1.9991899328043115
0.485,1.9991448963421399
0.4875,1.9996324149544287
0.49,1.9964131229629885
0.4925,1.9913867312959581
0.495,1.991421983838682
0.4975,1.9979443594008401
0.5,1.9970204304664225
0.5025,1.9941480914550977
0.505,1.9949458937331608
0.5075,1.9977032628890563
0.51,1.9927851236944603
0.5125,1.9930913333961497
0.515,1.9986117221689743
0.5175,1.9991855525561666
0.52,1.988367628830192
0.5225,1.9772061787091202
0.525,1.9746379915010004
0.5275,1.9889684911985457
0.53,1.9942982170269468
0.5325,1.9981220983340242
0.535,1.9961895512017769
0.5375,1.994092479005104
0.54,1.9912214935445105
0.5425,1.997369556002352
0.545,1.99987709330884
0.5475,1.994610989372945
0.55,1.9846985044610095
0.5525,1.9941310397942271
0.555,1.9952547738730946
0.5575,1.9992044998584393
0.56,1.992285982286258
0.5625,1.9941997392204405
0.565,1.9975975214963384
0.5675,1.9942553248092372
0.57,1.9596992137327804
0.5725,1.9821711759391403
0.575,1.9954300831070944
0.5775,1.9890266186620371
0.58,1.9900419484190408
0.5825,1.9698017916526243
0.585,1.9650546871415533
0.5875,1.9978606172777316
0.59,1.9941262233227408
0.5925,1.9989441378224702
0.595,1.9995334813837
0.5975,1.9969474163321272
0.6,1.9866438716297488
0.6025,1.996557462059793
0.605,1.999900239273403
0.6075,1.9993699546167172
0.61,1.998266497050001
0.6125,1.9946844270313182
0.615,1.9900470731133926
0.6175,1.9972215498120156
0.62,1.9954171742392712
0.6225,1.9881561361528706
0.625,1.98727377058429
0.6275,1.9888899592445302
0.63,1.9825261027232242
0.6325,1.9878959994878036
0.635,1.9986894811954499
0.6375,1.9914297339004916
0.64,1.9993476538692199
0.6425,1.9983383579940852
0.645,1.9984199976509
0.6475,1.9936074996647435
0.65,1.9964909201088448
0.6525,1.998439345407014
0.655,1.9956630046763653
0.6575,1.9964453457159905
0.66,1.9979193652864562
0.6625,1.998233581482523
0.665,1.9983352958397649
0.6675,1.9973703523980761
0.67,1.9984518993762714
0.6725,1.996995144790206
0.675,1.998296271444457
0.6775,1.9940934850613334
0.68,1.9972629254255017
0.6825,1.9999826773890108
0.685,1.999162582276481
0.6875,1.9995237379938406
0.69,1.997117804689141
0.6925,1.9959204869251905
0.695,1.9958603565274888
0.6975,1.9983060880827275
0.7,1.9992110198613349
0.7025,1.9981149960492717
0.705,1.9989504961423217
0.7075,1.9991642390924511
0.71,1.9996614474997927
0.7125,1.9997240302950818
0.715,1.9991892718273054
0.7175,1.9975718694515294
0.72,1.999219093715373
0.7225,1.9959580372131058
0.725,1.983650051585769
0.7275,1.9911312272828976
0.73,1.9798904972725617
0.7325,1.9790794387115966
0.735,1.9902390627415114
0.7375,1.977553600419061
0.74,1.9974603692470627
0.7425,1.9931620611175496
0.745,1.9908839781475782
0.7475,1.9988985069142253
0.75,1.9986559075741086
0.7525,1.9964790778732975
0.755,1.99840003479237
0.7575,1.9956240658986097
0.76,1.9918096152756268
0.7625,1.989870694666444
0.765,1.9970730285165237
0.7675,1.998614801694639
0.77,1.9970574721022891
0.7725,1.9944805838181985
0.775,1.9963281547318472
0.7775,1.9941724593753172
0.78,1.9989737163734675
0.7825,1.9986891913923093
0.785,1.9995587542017086
0.7875,1.9992445840153652
0.79,1.9968753377588777
0.7925,1.997784601115147
0.795,1.997681693070351
0.7975,1.9966752514375201
0.8,1.9991521445327955
0.8025,1.9973097153969621
0.805,1.9989435784907434
0.8075,1.9965356990705578
0.81,1.9894724413856357
0.8125,1.9948381624713303
0.815,1.9989628815975222
0.8175,1.9973834734692866
0.82,1.9995393698202548
0.8225,1.9995377052576477
0.825,1.9952912060356345
0.8275,1.9917134766380058
0.83,1.9916611779921936
0.8325,1.9957623301737895
0.835,1.9945166947785578
0.8375,1.997370463599391
0.84,1.9978697769318523
0.8425,1.9983868732010406
0.845,1.9965601855946686
0.8475,1.9997837300326433
0.85,1.997917432761519
0.8525,1.997718620625519
0.855,1.9960555916078473
0.8575,1.9989722709580935
0.86,1.9979129976127916
0.8625,1.9950556304749867
0.865,1.9941246769970482
0.8675,1.9938429400062536
0.87,1.9925619491548108
0.8725,1.9939365363966548
0.875,1.9893380237244238
0.8775,1.9980570187636557
0.88,1.9993465430552277
0.8825,1.9990788284254468
0.885,1.999266527973463
0.8875,1.9950945262731596
0.89,1.9998610913300672
0.8925,1.9983417896636388
0.895,1.9955705932286805
0.8975,1.9907691514137402
0.9,1.9990705740370946
0.9025,1.999766339506707
0.905,1.9979362141114543
0.9075,1.9930148758081092
0.91,1.9928287074449835
0.9125,1.99666473688943
0.915,1.9970723563121087
0.9175,1.9988671860446894
0.92,1.9958417127119383
0.9225,1.9949512732481742
0.925,1.99652852881875
0.9275,1.9968639823932754
0.93,1.9966438803781774
0.9325,1.9987751474705409
0.935,1.9973438038351483
0.9375,1.9957731191056782
0.94,1.9967774222191967
0.9425,1.9976702594008144
0.945,1.9936019785927712
0.9475,1.9926570360657845
0.95,1.99701058372192
0.9525,1.998887796335575
0.955,1.999184590989128
0.9575,1.9988108276787162
0.96,1.998531675024628
0.9625,1.9988694896480381
0.965,1.998575055749552
0.9675,1.9937903877027137
0.97,1.996036316085351
0.9725,1.9980164493776422
0.975,1.9958357859668991
0.9775,1.9903217534964648
0.98,1.99244414077886
0.9825,1.9989850404242875
0.985,1.9986333816940867
0.9875,1.9988505999128106
0.99,1.998455141629378
0.9925,1.994261507233096
0.995,1.9915350173198745
0.9975,1.9986056501077276
1.0,1.99065743775685
1.0025,1.9974430433732604
1.005,1.9984730915688014
1.0075,1.9994104602578902
1.01,1.9961163049801771
1.0125,1.9955916617075262
1.015,1.9986093790914778
1.0175,1.999605674922467
1.02,1.9987160185937578
1.0225,1.9975757082420826
1.025,1.9964190741520693
1.0275,1.9986262603641685
1.03,1.9987214851570938
1.0325,1.9962157717948792
1.035,1.9890259035872873
1.0375,1.9879636442549216
1.04,1.9947283571498038
1.0425,1.9988727819826069
1.045,1.9984175974901248
1.0475,1.999568614944347
1.05,1.9981093055825663
1.0525,1.9988452490572088
1.055,1.9980730591242541
1.0575,1.9972358581301797
1.06,1.9945343122953783
1.0625,1.9985550949196185
1.065,1.9958938224312157
1.0675,1.9979475257393675
1.07,1.9923807073847728
1.0725,1.9924486518801166
1.075,1.991336926063008
1.0775,1.9934460599166202
1.08,1.9920034719365711
1.0825,1.9937442435496415
1.085,1.9987231741523628
1.0875,1.9970335319691639
1.09,1.993765374710049
1.0925,1.9904455358824138
1.095,1.9866079399179646
1.0975,1.9943243834533413
1.1,1.9985646195084588
1.1025,1.9912468240225767
1.105,1.991582218518717
1.1075,1.9958559217464749
1.11,1.9984188611407223
1.1125,1.995967792897612
1.115,1.9993077430782595
1.1175,1.9985895350960703
1.12,1.9985116898841322
1.1225,1.999985934711622
1.125,1.9989119209468078
1.1275,1.9943447308259898
1.13,1.9943317966534413
1.1325,1.995069223280776
1.135,1.9936992422285384
1.1375,1.9939428685532894
1.14,1.9969124782397825
1.1425,1.997055636504585
1.145,1.999060482405139
1.1475,1.9970839056406136
1.15,1.9949332204984311
1.1525,1.9958462034658064
1.155,1.9967577650386408
1.1575,1.9973335075711691
1.16,1.997939773243563
1.1625,1.998418801681246
1.165,1.9977660898421221
1.1675,1.9998097251162692
1.17,1.9985399549596943
1.1725,1.9957668919458658
1.175,1.997069061375865
1.1775,1.99433852550366
1.18,1.9978083010686487
1.1825,1.9989495516647202
1.185,1.9989791572865332
1.1875,1.999675084657181
1.19,1.9990126878443002
1.1925,1.9989440664258376
1.195,1.9988630821284215
1.1975,1.972123568218608
1.2,1.974177537722247
1.2025,1.9975835228440877
1.205,1.9952552081596377
1.2075,1.9975616520963904
1.21,1.9758652051154333
1.2125,1.962587193305584
1.215,1.9718946329842177
1.2175,1.9684509447421583
1.22,1.9828277504622867
1.2225,1.992068759111319
1.225,1.9933040216886018
1.2275,1.9931145683511666
1.23,1.9941742389357247
1.2325,1.9977383317801811
1.235,1.9983422592447664
1.2375,1.9959106946784082
1.24,1.9950485551868307
1.2425,1.998112660358816
1.245,1.9985903044524367
1.2475,1.9989005840655008
1.25,1.9997567390575788
1.2525,1.9994879691225922
1.255,1.9959249286567982
1.2575,1.9982688219485993
1.26,1.9954248613352539
1.2625,1.9965569544569628
1.265,1.9978260341472183
1.2675,1.998597727498044
1.27,1.9988029815346549
1.2725,1.9983252143838475
1.275,1.9985366865999064
1.2775,1.9964828247063808
1.28,1.9978477355167772
1.2825,1.9909614579432486
1.285,1.9919422245753782
1.2875,1.9972726385827397
1.29,1.9972124758727507
1.2925,1.9934849822451677
1.295,1.9986855612778012
1.2975,1.9989957218510792
1.3,1.9956055158425343
1.3025,1.9982089336615971
1.305,1.9974524342285562
1.3075,1.9991212918186596
1.31,1.9961811306370305
1.3125,1.9949381518955431
1.315,1.9962710641010155
1.3175,1.9986076196874296
1.32,1.9929337410824521
1.3225,1.9969382303843752
1.325,1.9969297489479123
1.3275,1.9976538779944026
1.33,1.9987225826678303
1.3325,1.9980309645397862
1.335,1.9990544867413438
1.3375,1.9988172070484065
1.34,1.997606762051647
1.3425,1.9984631052522375
1.345,1.997965617347663
1.3475,1.999886152498381
1.35,1.999068742340343
1.3525,1.9963585805294684
1.355,1.9950954245866894
1.3575,1.9944308322283888
1.36,1.997381422233718
1.3625,1.9950343719678938
1.365,1.9880355328852504
1.3675,1.9971602810062241
1.37,1.99623265414228
1.3725,1.9987948005668252
1.375,1.99444199960155
1.3775,1.9922082219623112
1.38,1.9951630260831166
1.3825,1.9984818095102064
1.385,1.997515614937462
1.3875,1.993990817128513
1.39,1.9980977166905187
1.3925,1.9964047806538476
1.395,1.9948822146875738
1.3975,1.9986785697178497
1.4,1.9996183110359607
1.4025,1.9986284936640177
1.405,1.999643530594611
1.4075,1.998753539041878
1.41,1.997408187976108
1.4125,1.9903158563928862
1.415,1.9851298496411154
1.4175,1.9867728479582363
1.42,1.9926601410600902
1.4225,1.9912834148773166
1.425,1.985431432786993
1.4275,1.9966732081057905
1.43,1.9951738239661096
1.4325,1.9922243939511204
1.435,1.9827205372678338
1.4375,1.9996388774393536
1.44,1.998828865645419
1.4425,1.9990028051525857
1.445,1.998577188059072
1.4475,1.998026200902876
1.45,1.9980966652566963
1.4525,1.9994478560895648
1.455,1.9979161766176223
1.4575,1.9931030423691811
1.46,1.9924049548265228
1.4625,1.9940089968786405
1.465,1.9955373707307242
1.4675,1.9973756722470828
1.47,1.9961077842790746
1.4725,1.9939549226858804
1.475,1.9947504269622878
1.4775,1.9864309518530394
1.48,1.989873850593276
1.4825,1.9971792090437392
1.485,1.9968276741887006
1.4875,1.9975014796659731
1.49,1.997901695399272
1.4925,1.9989646414817814
1.495,1.9987362248894645
1.4975,1.9990876339836623
1.5,1.9975422658730109
1.5025,1.9986456094150586
1.505,1.9980311515309852
1.5075,1.9992545947036184
1.51,1.999419417700812
1.5125,1.9963682453798122
1.515,1.9932700172683429
1.5175,1.9974691092538412
1.52,1.9994261260193813
1.5225,1.998802492319494
1.525,1.9963871794742059
1.5275,1.9972274020286753
1.53,1.98118969846613
1.5325,1.9760778354843462
1.535,1.9992003090680084
1.5375,1.9934672788038301
1.54,1.9907367513818714
1.5425,1.9990271290168766
1.545,1.9810464055552557
1.5475,1.9977377639171343
1.55,1.9952442662630703
1.5525,1.9987320246960785
1.555,1.9988538983020305
1.5575,1.999692135196815
1.56,1.9963534338933306
1.5625,1.9994727653626565
1.565,1.9983385899060746
1.5675,1.9982898513535985
1.57,1.9995508771363188
1.5725,1.9970618611585569
1.575,1.9939658387877754
1.5775,1.9883998568571748
1.58,1.982653763101025
1.5825,1.9790319863908943
1.585,1.9878058853044245
1.5875,1.9936189187237643
1.59,1.9904419877529076
1.5925,1.9940452783098601
1.595,1.989444397382754
1.5975,1.9942324371210756
1.6,1.9975131727969495
1.6025,1.9964325194260044
1.605,1.995378554853171
1.6075,1.9978389726209194
1.61,1.9981154725845958
1.6125,1.9957974991787732
1.615,1.997192471281724
1.6175,1.9977383595499008
1.62,1.999240167961052
1.6225,1.9922066325174659
1.625,1.9947504478436229
1.6275,1.9996934417504306
1.63,1.9974669207243205
1.6325,1.9853841683763203
1.635,1.9866513953365212
1.6375,1.98558438332776
1.64,1.9669088661790544
1.6425,1.9890265176684392
1.645,1.9961387745280397
1.6475,1.9926250244081793
1.65,1.9917296573148633
1.6525,1.9961004586994178
1.655,1.9944539610670382
1.6575,1.9953247067563937
1.66,1.9961142877711504
1.6625,1.9985512934554976
1.665,1.9944163197384395
1.6675,1.9977010140398903
1.67,1.9992257829248319
1.6725,1.9992296543087318
1.675,1.998363504929804
1.6775,1.9979445825121525
1.68,1.9996635145710822
1.6825,1.999927515640679
1.685,1.9978748182240706
1.6875,1.997528344697419
1.69,1.9986410929023035
1.6925,1.9968748510441179
1.695,1.998411265524731
1.6975,1.9987573023484146
1.7,1.9983667637186944
1.7025,1.9991954361236937
1.705,1.9976424628469496
1.7075,1.9964874116849352
1.71,1.9983243875777579
1.7125,1.9993393320023771
1.715,1.9988815152149677
1.7175,1.998948554075574
1.72,1.998789210346371
1.7225,1.9959503857638499
1.725,1.9980107415117756
1.7275,1.996507502677375
1.73,1.9915965001812845
1.7325,1.9955270971698824
1.735,1.9966909497070242
1.7375,1.9967872219223008
1.74,1.998665732367562
1.7425,1.9925210281722978
1.745,1.9955967173253413
1.7475,1.9973819559363146
1.75,1.9985881557257592
1.7525,1.9954494568995926
1.755,1.991204310128182
1.7575,1.9979739688217986
1.76,1.9963076774643351
1.7625,1.997648268263665
1.765,1.9983819585902909
1.7675,1.9969378093137073
1.77,1.9954093483804471
1.7725,1.9902268243912395
1.775,1.9965658634228576
1.7775,1.9974765960129588
1.78,1.9989043937234365
1.7825,1.9980563623368104
1.785,1.9996082616716382
1.7875,1.9985975916435021
1.79,1.9989422825662062
1.7925,1.996945427427426
1.795,1.9944788404886507
1.7975,1.9974382663872305
1.8,1.9974720554860954
1.8025,1.9880531182193515
1.805,1.9872087090045496
1.8075,1.9987749405546595
1.81,1.9988889997033081
1.8125,1.9966759888793573
1.815,1.996969144143173
1.8175,1.9959903501798144
1.82,1.9920828593776976
1.8225,1.9987706803582987
1.825,1.999723278386666
1.8275,1.993741506596293
1.83,1.9909209884203436
1.8325,1.9992413229244916
1.835,1.9966181171022375
1.8375,1.989310165799225
1.84,1.9981697295809286
1.8425,1.9992602586741741
1.845,1.9981818016488455
1.8475,1.9950578519524047
1.85,1.9988494996867556
1.8525,1.9971399949439401
1.855,1.9883149636198052
1.8575,1.991824464525934
1.86,1.995789598271937
1.8625,1.9990644992155404
1.865,1.9996366576523632
1.8675,1.999431981931305
1.87,1.9949536396053191
1.8725,1.9893467865411585
1.875,1.998441103703562
1.8775,1.9983411666006152
1.88,1.9976555733907102
1.8825,1.9995438807496528
1.885,1.9982271401088423
1.8875,1.9990178960557066
1.89,1.9963271655698698
1.8925,1.9991264178162242
1.895,1.9996185450497805
1.8975,1.9987043960481872
1.9,1.998478808283148
1.9025,1.9995107203620348
1.905,1.9983064049904364
1.9075,1.9922788258063937
1.91,1.9953810174727011
1.9125,1.9945800883840636
1.915,1.9956910759254383
1.9175,1.9979107613557092
1.92,1.9978208745950128
1.9225,1.999729484969979
1.925,1.9988487851974681
1.9275,1.999835636895423
1.93,1.999143936792444
1.9325,1.9977180113428488
1.935,1.9987526985857276
1.9375,1.999888920867611
1.94,1.9991407151581007
1.9425,1.9973929784030986
1.945,1.9989200404687755
1.9475,1.9979433025647422
1.95,1.997201409699021
1.9525,1.9979976823538064
1.955,1.9954622083853848
1.9575,1.9958199072411378
1.96,1.9982771125567975
1.9625,1.9972215495479952
1.965,1.992169906011201
1.9675,1.9914240319872096
1.97,1.9928354743681571
1.9725,1.9954490208765072
1.975,1.997281551436135
1.9775,1.998756283164874
1.98,1.997333741572095
1.9825,1.9985870150610494
1.985,1.9975271511627766
1.9875,1.993521781388011
1.99,1.9964827236527403
1.9925,1.9978626510874067
1.995,1.998553507135129
1.9975,1.9980542459117618
2.0,1.9988794583227705
2.0025,1.9991651536673094
2.005,1.998968666883126
2.0075,1.999098611626621
2.01,1.9963175071781334
2.0125,1.9968665743947234
2.015,1.9901007432282138
2.0175,1.986526838194702
2.02,1.9937675762763436
2.0225,1.9985988132062302
2.025,1.9988050686436751
2.0275,1.9987246244546562
2.03,1.9957085070364933
2.0325,1.9988865031122365
2.035,1.990929541771071
2.0375,1.9872577217683167
2.04,1.988455352850905
2.0425,1.988064462687737
2.045,1.9968712850571746
2.0475,1.9930496149841601
2.05,1.9947715380798952
2.0525,1.9953059510233624
2.055,1.9912049465796258
2.0575,1.9895204687846042
2.06,1.9902762720680398
2.0625,1.9962069621810943
2.065,1.9968638291351501
2.0675,1.9957914088134703
2.07,1.9997364599676482
2.0725,1.9905693466398553
2.075,1.9918477488608162
2.0775,1.9999393249802127
2.08,1.9982719936119357
2.0825,1.9973649114374026
2.085,1.994936003506163
2.0875,1.9958932049250095
2.09,1.998180023763927
2.0925,1.9911531742137374
2.095,1.9930535857248057
2.0975,1.9991136530574543
2.1,1.9942958219712978
2.1025,1.986170510686247
2.105,1.9399460453087927
2.1075,1.9308736669756557
2.11,1.9666879615170196
2.1125,1.9876249444891565
2.115,1.998476478058175
2.1175,1.9959851335479297
2.12,1.9920744005360305
2.1225,1.990620663838214
2.125,1.989822325103478
2.1275,1.9982832486005087
2.13,1.9984975704756744
2.1325,1.9989678668064956
2.135,1.9954208338086485
2.1375,1.9979810379304168
2.14,1.9984479310297765
2.1425,1.9976971806145907
2.145,1.9983684851630157
2.1475,1.9951448685215114
2.15,1.999592087221315
2.1525,1.9980034558409043
2.155,1.995436810156121
2.1575,1.9858588725634636
2.16,1.9834141752368104
2.1625,1.991719834134695
2.165,1.998106065542599
2.1675,1.9975937391105667
2.17,1.998380847384095
2.1725,1.9966418892243651
2.175,1.9959092871103494
2.1775,1.9978564086471802
2.18,1.9956256901713514
2.1825,1.9963964156657856
2.185,1.9994872388309206
2.1875,1.9940024553404299
2.19,1.9742115747537856
2.1925,1.9905250407705364
2.195,1.9995851962926199
2.1975,1.9986399658755858
2.2,1.9970845240327235
2.2025,1.9991293338879625
2.205,1.9990827107501454
2.2075,1.9922893925319358
2.21,1.9979847627059504
2.2125,1.9996955281113429
2.215,1.9941496035233555
2.2175,1.9882841346092888
2.22,1.9927219117346597
2.2225,1.9982352921756656
2.225,1.997826678159745
2.2275,1.99597113578126
2.23,1.9964214808773
2.2325,1.9979013287876652
2.235,1.9996868950629385
2.2375,1.9996865940661879
2.24,1.997713857582786
2.2425,1.997935189698833
2.245,1.9988406572957707
2.2475,1.9979822801896936
2.25,1.997510170823184
2.2525,1.9980733303780318
2.255,1.9970334428996301
2.2575,1.9948746724103283
2.26,1.9948605646808035
2.2625,1.9922876545607382
2.265,1.9970719071539589
2.2675,1.9995524029424936
2.27,1.9983836369427528
2.2725,1.9998415305673116
2.275,1.9972792867229212
2.2775,1.9996110915893623
2.28,1.9977654146753008
2.2825,1.998979770327146
2.285,1.9976038572368
2.2875,1.9964305304397625
2.29,1.9971827727484688
2.2925,1.9909139916588636
2.295,1.9734852714615134
2.2975,1.9844837088297267
2.3,1.9890666207556387
2.3025,1.992845737110221
2.305,1.996487827513096
2.3075,1.9947709146672
2.31,1.9965528178755059
2.3125,1.999480743967767
2.315,1.9970129308661415
2.3175,1.9990219826278466
2.32,1.9977565432519944
2.3225,1.9996081448182612
2.325,1.9989981346643426
2.3275,1.9961469641617657
2.33,1.9920920444138677
2.3325,1.9942903205436167
2.335,1.9972683970917826
2.3375,1.9968621736569454
2.34,1.9943749810716107
2.3425,1.995837957379853
2.345,1.9980354579563642
2.3475,1.9989199401759938
2.35,1.9968534136655756
2.3525,1.9966749756054938
2.355,1.994864056092284
2.3575,1.9947713397213869
2.36,1.9959264479269916
2.3625,1.9987576345663707
2.365,1.9981396930553104
2.3675,1.9996375067477437
2.37,1.9973034042166966
2.3725,1.997287812333146
2.375,1.9907377131277297
2.3775,1.9861941483957573
2.38,1.996097542889523
2.3825,1.9927623787758777
2.385,1.9831191136623707
2.3875,1.9813659503008707
2.39,1.995169524911135
2.3925,1.9704339676950662
2.395,1.9819497486340725
2.3975,1.9894319139525092
2.4,1.9880160997655254
2.4025,1.9924551582515453
2.405,1.9982346602776915
2.4075,1.9951785260279955
2.41,1.9934196533728077
2.4125,1.9941473076861231
2.415,1.998873518662615
2.4175,1.9954918709263216
2.42,1.9978041982371195
2.4225,1.9998859574969075
2.425,1.998279060730216
2.4275,1.9992224413233148
2.43,1.996588025585326
2.4325,1.9918454744828273
2.435,1.9934769094848601
2.4375,1.9901450910969745
2.44,1.992280251932001
2.4425,1.9965380805280828
2.445,1.99521255827682
2.4475,1.9975375303238931
2.45,1.9998534671429156
2.4525,1.998280648082007
2.455,1.9974449373490946
2.4575,1.9981851861875448
2.46,1.99802188056048
2.4625,1.9920792639159504
2.465,1.9887806168507667
2.4675,1.9825781455592972
2.47,1.9742450060597454
2.4725,1.9955293841068946
2.475,1.9977852237338505
2.4775,1.997103660803191
2.48,1.9962732568948354
2.4825,1.9820656256155913
2.485,1.9711968153028465
2.4875,1.9818720755309238
2.49,1.990647901799225
2.4925,1.9888141197843452
2.495,1.9932606807852993
2.4975,1.99936378422744
2.5,1.999442250180353
2.5025,1.9948920151991183
2.505,1.9868692668355243
2.5075,1.9943354962400637
2.51,1.9978638018199444
2.5125,1.9991615120205148
2.515,1.999626814963666
2.5175,1.995772128265013
2.52,1.9986408853067643
2.5225,1.9950621109222875
2.525,1.9970620015195104
2.5275,1.9971585676607102
2.53,1.9963562992176302
2.5325,1.9996636838234814
2.535,1.998655709610435
2.5375,1.9996072003090848
2.54,1.9932125992006489
2.5425,1.9909528252531925
2.545,1.9974875631995133
2.5475,1.9960413923942788
2.55,1.9971667078931674
2.5525,1.9960927830903414
2.555,1.9932190539921966
2.5575,1.9916344620135322
2.56,1.9978446867822515
2.5625,1.988422610600837
2.565,1.993209813176226
2.5675,1.981000185487732
2.57,1.9810628794121126
2.5725,1.981897920115358
2.575,1.9928868862585145
2.5775,1.9985022732226891
2.58,1.997873320353255
2.5825,1.9949026489327646
2.585,1.998173254830828
2.5875,1.9987420534272915
2.59,1.9980680437246876
2.5925,1.999294509591143
2.595,1.9943451710427174
2.5975,1.9959294233910347
2.6,1.9976787313619917
2.6025,1.9914464006532042
2.605,1.9791914290789445
2.6075,1.9835898422879814
2.61,1.9931377733551987
2.6125,1.9968083095845894
2.615,1.9971272557562156
2.6175,1.9893529737956404
2.62,1.998045571901189
2.6225,1.9997421664317663
2.625,1.9999243593653038
2.6275,1.9943112368276896
2.63,1.995066994180188
2.6325,1.9968966563431927
2.635,1.9971599976463172
2.6375,1.9941203032798824
2.64,1.993498906030024
2.6425,1.9972626195650716
2.645,1.9947003842665478
2.6475,1.9890627953737097
2.65,1.99534888698769
2.6525,1.9989358053439945
2.655,1.9980832150765206
2.6575,1.9902899107468668
2.66,1.9942995477210543
2.6625,1.9959138409869284
2.665,1.9961535900937362
2.6675,1.996946816109792
2.67,1.9972838811617248
2.6725,1.995482692794647
2.675,1.9916858123497772
2.6775,1.9910655326422164
2.68,1.9944918240032554
2.6825,1.99683898831474
2.685,1.9996706831282314
2.6875,1.998664231579277
2.69,1.9963009812888395
2.6925,1.9911979696186535
2.695,1.9944081123917792
2.6975,1.9989990633634402
2.7,1.999271730552969
2.7025,1.9977704138991048
2.705,1.9974166186571922
2.7075,1.9984664886658743
2.71,1.9993179976396445
2.7125,1.9978338600332233
2.715,1.9995119969676496
2.7175,1.9982555780163997
2.72,1.9950996268927508
2.7225,1.9987091243741228
2.725,1.999144927300397
2.7275,1.9915866991094209
2.73,1.9879804841905695
2.7325,1.9937460287817852
2.735,1.9988637162676972
2.7375,1.997903719326473
2.74,1.9977640277287976
2.7425,1.9974458184734383
2.745,1.997141491029771
2.7475,1.996113453352936
2.75,1.9987277641232384
2.7525,1.9979486520436804
2.755,1.996799928953889
2.7575,1.9889228070279619
2.76,1.9744496487307148
2.7625,1.9946079852322098
2.765,1.9969090883868739
2.7675,1.998582199597552
2.77,1.998305855545559
2.7725,1.990753148602844
2.775,1.9910984616820508
2.7775,1.998835735514855
2.78,1.9918320184045752
2.7825,1.9754431948762143
2.785,1.9497772569836438
2.7875,1.9702105859269023
2.79,1.998290556218502
2.7925,1.9820800280768702
2.795,1.995233913246147
2.7975,1.9965974744145707
2.8,1.9983242693313548
2.8025,1.9998233748206635
2.805,1.9997018895768075
2.8075,1.9950764479429781
2.81,1.99849338122594
2.8125,1.9967972913792422
2.815,1.9972126049983436
2.8175,1.998054633348543
2.82,1.9982544650897298
2.8225,1.9937270698338028
2.825,1.9950448313460885
2.8275,1.998860674067684
2.83,1.9960637659273741
2.8325,1.9915451803724837
2.835,1.988215823482388
2.8375,1.992774296508069
2.84,1.9983815886226253
2.8425,1.994206412955076
2.845,1.9875271680150166
2.8475,1.9767710562518257
2.85,1.9897933822284635
2.8525,1.9957384171226613
2.855,1.9970385084789621
2.8575,1.9965435274835572
2.86,1.9989124403901564
2.8625,1.9993883675269397
2.865,1.996905901742244
2.8675,1.9961207465634034
2.87,1.9953567801869778
2.8725,1.9944234406435157
2.875,1.9988259108737836
2.8775,1.998869766423224
2.88,1.997745063612629
2.8825,1.985543901765666
2.885,1.984087166932943
2.8875,1.9979682937184018
2.89,1.9944899517554269
2.8925,1.9970777344006394
2.895,1.9949579660159231
2.8975,1.995731254966744
2.9,1.9991025835406229
2.9025,1.994802512744029
2.905,1.9899277476126678
2.9075,1.9974442397890364
2.91,1.9971787380777781
2.9125,1.9955794527834132
2.915,1.9990864516186462
2.9175,1.999171914920673
2.92,1.9950842620484273
2.9225,1.9953584321504114
2.925,1.998545822157161
2.9275,1.9981786579880891
2.93,1.9984555523369298
2.9325,1.9990606620915696
2.935,1.9987650964688943
2.9375,1.9989741999193593
2.94,1.998408645908146
2.9425,1.9991021893734788
2.945,1.9988751496982873
2.9475,1.996427108058891
2.95,1.99631762698567
2.9525,1.9931669497405657
2.955,1.995136087881413
2.9575,1.9975647546308726
2.96,1.996931638368725
2.9625,1.994716648730159
2.965,1.9949620193559245
2.9675,1.9985002204112359
2.97,1.9997722802766562
2.9725,1.9972001057341868
2.975,1.9961320672123166
2.9775,1.9987498277772087
2.98,1.9952779063356822
2.9825,1.9935992714295243
2.985,1.9942261845637843
2.9875,1.9667990993406645
2.99,1.918733599005768
2.9925,1.9109917048958702
2.995,1.9555698354908233
2.9975,1.9840351396958404
3.0,1.9981693867354235
3.0025,1.999181698915668
3.005,1.9973763139213698
3.0075,1.997434156399167
3.01,1.9982948012788315
3.0125,1.9984259035498013
3.015,1.9951627726020849
3.0175,1.9986229273304223
3.02,1.9973842581928323
3.0225,1.9983270611502824
3.025,1.9984559349869349
3.0275,1.9986007029110315
3.03,1.9970369778119574
3.0325,1.9971599976463172
3.035,1.9969950557961345
3.0375,1.9943590812463081
3.04,1.9982400618624312
3.0425,1.9989194863446462
3.045,1.9983300446435655
3.0475,1.9924544806901645
3.05,1.9966343326616662
3.0525,1.9945944280207968
3.055,1.9967113950734814
3.0575,1.9991544692597667
3.06,1.9974082976476875
3.0625,1.9966969361115507
3.065,1.999369759855915
3.0675,1.9992092596137048
3.07,1.9994460994685486
3.0725,1.999483567359879
3.075,1.9966281466791087
3.0775,1.9950032355008434
3.08,1.999336701809742
3.0825,1.9950919276659538
3.085,1.996645723172262
3.0875,1.9992997183618895
3.09,1.9989187483757453
3.0925,1.9960044476832606
3.095,1.9974540264347764
3.0975,1.998466365262869
3.1,1.9957140700158664
3.1025,1.998802234848592
3.105,1.9989674799356596
3.1075,1.9989754907302126
3.11,1.9975708029800665
3.1125,1.9970341923190578
3.115,1.9965178963290335
3.1175,1.998917148256228
3.12,1.9989151475924327
3.1225,1.9955315383561332
3.125,1.988709041694241
3.1275,1.99199937597899
3.13,1.9951612753460202
3.1325,1.997518543772644
3.135,1.9990695267700218
3.1375,1.999125685000109
3.14,1.9962404588463107
3.1425,1.9928435819241352
3.145,1.9967121961617496
3.1475,1.9991561786200442
3.15,1.998720955195042
3.1525,1.9992726326414585
3.155,1.9992306152369386
3.1575,1.9984385406400589
3.16,1.997536155838233
3.1625,1.9949564533594555
3.165,1.9968118556884344
3.1675,1.999257396776636
3.17,1.9980167600985606
3.1725,1.999176804517123
3.175,1.996721422769625
3.1775,1.9968084811877989
3.18,1.996849567906464
3.1825,1.999344550423402
3.185,1.997276308250326
3.1875,1.9887367142508792
3.19,1.9754808650054148
3.1925,1.987946479015736
3.195,1.9983795363300954
3.1975,1.988436633905986
3.2,1.9914371264522877
3.2025,1.9950150396108604
3.205,1.9969453301971845
3.2075,1.9959888023607193
3.21,1.994040745406512
3.2125,1.9946139763416566
3.215,1.994945764379346
3.2175,1.9977313896598548
3.22,1.9973532679073336
3.2225,1.9973096959424437
3.225,1.9981090941888535
3.2275,1.9992187735302551
3.23,1.994559033218648
3.2325,1.9945699219060673
3.235,1.9991108331186067
3.2375,1.997236680148329
3.24,1.9949307316820448
3.2425,1.9960411799376754
3.245,1.9974011853360283
3.2475,1.998390763730312
3.25,1.9995675698334887
3.2525,1.9992540890713384
3.255,1.996142964441207
3.2575,1.9922257098142304
3.26,1.997791359840698
3.2625,1.998795580129389
3.265,1.989759495607238
3.2675,1.9584798919433863
3.27,1.990050216537318
3.2725,1.994598968853396
3.275,1.998463006835188
3.2775,1.999385372037818
3.28,1.9978463103306994
3.2825,1.9990826981240333
3.285,1.9984354736343692
3.2875,1.9951922659849775
3.29,1.9951089601363572
3.2925,1.9986367072852842
3.295,1.994697377414528
3.2975,1.9948397290042232
3.3,1.993602045210845
3.3025,1.9939223881695858
3.305,1.9927242980943078
3.3075,1.996069442028709
3.31,1.998316250131772
3.3125,1.9959997904637405
3.315,1.9884002261546105
3.3175,1.9961339571931807
3.32,1.9947409594479502
3.3225,1.9965078776869678
3.325,1.9942729584751253
3.3275,1.997473355640454
3.33,1.9977553909285222
3.3325,1.9973368568929921
3.335,1.997974773184894
3.3375,1.9930686002254832
3.34,1.9982491948410088
3.3425,1.999031506674256
3.345,1.9966389937819566
3.3475,1.998551029590462
3.35,1.9975429314155184
3.3525,1.9967135788108077
3.355,1.994895065560603
3.3575,1.98591994425811
3.36,1.9994698905058215
3.3625,1.9899110638783926
3.365,1.9967331817994918
3.3675,1.9996380839205465
3.37,1.9941220124746533
3.3725,1.997289587587031
3.375,1.9995039800779002
3.3775,1.999228919761018
3.38,1.9998961811836513
3.3825,1.9997735213784726
3.385,1.9988590976801495
3.3875,1.99890700005959
3.39,1.9971469693057078
3.3925,1.9959612264040252
3.395,1.9949666274000737
3.3975,1.992011561828813
3.4,1.9928955396261525
3.4025,1.9993375695019329
3.405,1.9995621911019192
3.4075,1.9962115280491508
3.41,1.9987899552925175
3.4125,1.9960729036856328
3.415,1.9991118055799244
3.4175,1.9986781505755031
3.42,1.9944137360027936
3.4225,1.9942956067818378
3.425,1.9918774726272777
3.4275,1.988448905094051
3.43,1.9971922492756935
3.4325,1.9984752911596222
3.435,1.9997746318504497
3.4375,1.9994589564474914
3.44,1.9983207910178735
3.4425,1.9977039818803557
3.445,1.99802647798541
3.4475,1.9966419587345223
3.45,1.995486115532723
3.4525,1.996454464019917
3.455,1.9960794754981765
3.4575,1.9978024949537845
3.46,1.9978493400307906
3.4625,1.9985712604015191
3.465,1.9983789918426247
3.4675,1.9973220911174017
3.47,1.9983066962652791
3.4725,1.99942243699173
3.475,1.9993967758431852
3.4775,1.9972080059193045
3.48,1.9897035079357637
3.4825,1.9896784871328286
3.485,1.9974130322758805
3.4875,1.9977851069221022
3.49,1.9973279301760345
3.4925,1.999018842074264
3.495,1.9973486912827818
3.4975,1.9986268557391056
3.5,1.9975662795517595
3.5025,1.9943051934503475
3.505,1.9917494236143756
3.5075,1.99009658520477
3.51,1.9951016571640743
3.5125,1.996677640133557
3.515,1.9975695732226408
3.5175,1.9972441072784148
3.52,1.9920550145909048
3.5225,1.9912026511953296
3.525,1.9976857678757978
3.5275,1.9988381323294633
3.53,1.996274982761657
3.5325,1.99678197584476
3.535,1.997191134637767
3.5375,1.9940916903409187
3.54,1.9951909706391202
3.5425,1.9978862248892777
3.545,1.998145147019236
3.5475,1.9934914356318878
3.55,1.992142888875582
3.5525,1.9987652075518751
3.555,1.9962364724280608
3.5575,1.9940024515874266
3.56,1.9971269162407754
3.5625,1.998520009310008
3.565,1.9979818531112887
3.5675,1.9965079469387685
3.57,1.9948564354548415
3.5725,1.995567058592165
3.575,1.9971499273477165
3.5775,1.997327836301172
3.58,1.9983810639656876
3.5825,1.9779397500514393
3.585,1.9952340638317212
3.5875,1.9901187073863775
3.59,1.9916534969920283
3.5925,1.9926069912170725
3.595,1.986347165931512
3.5975,1.9978503909956546
3.6,1.998308098600656
3.6025,1.9942876709532278
3.605,1.9926301347509745
3.6075,1.992842691260499
3.61,1.9949047640692201
3.6125,1.9940548715463353
3.615,1.9870366939585449
3.6175,1.9780443549818663
3.62,1.9701849613233606
3.6225,1.9905118352061328
3.625,1.9886043256075756
3.6275,1.9924225982136314
3.63,1.9982418048764798
3.6325,1.9643139825577736
3.635,1.9806412335278216
3.6375,1.9985122095838457
3.64,1.99637376651592
3.6425,1.9944018572229232
3.645,1.9934654201486626
3.6475,1.9985415291136648
3.65,1.9957593587244564
3.6525,1.9824209656184815
3.655,1.9838160079702338
3.6575,1.9847432557752889
3.66,1.9984000005562887
3.6625,1.9999368798321573
3.665,1.9966640339898238
3.6675,1.9945320799655368
3.67,1.9971544688416745
3.6725,1.999519933649052
3.675,1.9948570007222215
3.6775,1.9948964205393536
3.68,1.9967758991085098
3.6825,1.9976402621125788
3.685,1.9954430711787174
3.6875,1.9875576249629499
3.69,1.9888894314765713
3.6925,1.9919863770908945
3.695,1.9978065080789877
3.6975,1.9994644126886296
3.7,1.995365526605759
3.7025,1.9944945765426758
3.705,1.9918180689709917
3.7075,1.9990414666971752
3.71,1.9961252506771623
3.7125,1.9968507029897717
3.715,1.9977173415465062
3.7175,1.9986539991203036
3.72,1.9938205752091638
3.7225,1.9997140158293665
3.725,1.9989144178096905
3.7275,1.9982885290039138
3.73,1.996887814508309
3.7325,1.9987110381131545
3.735,1.9993260665290677
3.7375,1.999751919729613
3.74,1.9976648163779218
3.7425,1.9998337447928665
3.745,1.9988339322204516
3.7475,1.9933700241814183
3.75,1.9956490653100802
3.7525,1.997872209438524
3.755,1.9986785062184134
3.7575,1.9959166654434668
3.76,1.9948090826661062
3.7625,1.977631325496746
3.765,1.9846041221631483
3.7675,1.9751717042308865
3.77,1.9828415977929248
3.7725,1.999510493614868
3.775,1.9992404824047267
3.7775,1.9986914739498234
3.78,1.9899107413501986
3.7825,1.9944380870183753
3.785,1.9960346393349049
3.7875,1.995515806911204
3.79,1.9975938836771712
3.7925,1.9949851977110988
3.795,1.992755478026575
3.7975,1.9694408344762042
3.8,1.916680072469998
3.8025,1.927316610722085
3.805,1.9630048052868354
3.8075,1.9935916979039772
3.81,1.9991846151038666
3.8125,1.9986280752374097
3.815,1.9964846309043214
3.8175,1.9990236040424827
3.82,1.998556725153374
3.8225,1.9969694289908686
3.825,1.99052561974906
3.8275,1.99282896541433
3.83,1.996090062064174
3.8325,1.9969010178147115
3.835,1.9979281157025315
3.8375,1.993078306004337
3.84,1.9985194073927435
3.8425,1.9895088522683646
3.845,1.9941890813137846
3.8475,1.9844028008813301
3.85,1.9849022149405848
3.8525,1.993764477977307
3.855,1.9967934633118278
3.8575,1.9974410159771954
3.86,1.9989812796949824
3.8625,1.9983512451181682
3.865,1.9958741083782408
3.8675,1.998743131812227
3.87,1.9968596812177448
3.8725,1.9934619424640727
3.875,1.998070451844493
3.8775,1.9987749972297197
3.88,1.993120075917559
3.8825,1.996039562797518
3.885,1.996382066834176
3.8875,1.998618681589671
3.89,1.9968087738095384
3.8925,1.9956648627517546
3.895,1.9979749129002387
3.8975,1.9993332258409033
3.9,1.9943156916178726
3.9025,1.9980730651499838
3.905,1.996126988777256
3.9075,1.9978265499648309
3.91,1.9975885848195278
3.9125,1.9987475236176029
3.915,1.9965209723612234
3.9175,1.996674090363526
3.92,1.9973962486115184
3.9225,1.999173312393441
3.925,1.9992816922654333
3.9275,1.998780376409566
3.93,1.9970429008093742
3.9325,1.9980133995526375
3.935,1.9980802805392857
3.9375,1.9984992342145507
3.94,1.9979999583519394
3.9425,1.9919133957858322
3.945,1.9886860500415469
3.9475,1.9984755557124636
3.95,1.9998883183816591
3.9525,1.996586969061683
3.955,1.9865501613338856
3.9575,1.9890416051751914
3.96,1.997507983111119
3.9625,1.9995072249987014
3.965,1.9992967048353927
3.9675,1.9990788373171338
3.97,1.9969507001475344
3.9725,1.993062097911842
3.975,1.9904994640839584
3.9775,1.9875786022103634
3.98,1.989744995586458
3.9825,1.994395187772731
3.985,1.9971880873923418
3.9875,1.9959214013081454
3.99,1.9964202895577996
3.9925,1.9990576710609347
3.995,1.9961700154950464
3.9975,1.986742600299603
4.0,1.9957752752985907
4.0025,1.9973538306208556
4.005,1.998589656753054
4.0075,1.9964695260979366
4.01,1.9949789070844717
4.0125,1.9941290429471978
4.015,1.9955467325348228
4.0175,1.996923679591984
4.02,1.996821868365411
4.0225,1.9979154901894642
4.025,1.996086146042278
4.0275,1.9917294088790432
4.03,1.992552471996889
4.0325,1.9953914195356675
4.035,1.9950298261203436
4.0375,1.98487178534568
4.04,1.993991477565531
4.0425,1.9978286445711555
4.045,1.990091044836897
4.0475,1.9934178113159524
4.05,1.9960184077247747
4.0525,1.9980215888919837
4.055,1.995319500564734
4.0575,1.9974476832839971
4.06,1.9987099767675212
4.0625,1.9912122776605847
4.065,1.9976392819839583
4.0675,1.99904433322338
4.07,1.9989864585308383
4.0725,1.9969221836759457
4.075,1.9969047024999758
4.0775,1.997264810736991
4.08,1.9996240194602621
4.0825,1.9935620218991925
4.085,1.9961510999221725
4.0875,1.9990525909850327
4.09,1.998093883713949
4.0925,1.9962963069771231
4.095,1.9957207749207309
4.0975,1.99763552381613
4.1,1.9998964332063567
4.1025,1.9990642808827286
4.105,1.9989806449584737
4.1075,1.9986014712279798
4.11,1.9986330640045833
4.1125,1.9982247153374795
4.115,1.998261166278519
4.1175,1.9969650401460322
4.12,1.998855624409328
4.1225,1.9937617838288593
4.125,1.9922865444090139
4.1275,1.994989215230449
4.13,1.9923188532104912
4.1325,1.994940586556184
4.135,1.9961188501225864
4.1375,1.9933115150354044
4.14,1.9949823034075655
4.1425,1.994440417212154
4.145,1.9922333301188606
4.1475,1.9954248326746173
4.15,1.99717297311747
4.1525,1.9975093370386996
4.155,1.9958436415038958
4.1575,1.9909564517689498
4.16,1.9963262457555282
4.1625,1.9984767384655435
4.165,1.9983749585995372
4.1675,1.9915762885283705
4.17,1.9883473833825782
4.1725,1.9948942438707502
4.175,1.9980577558202364
4.1775,1.9984997597619414
4.18,1.9989461826343073
4.1825,1.9981331030673637
4.185,1.9948001929460595
4.1875,1.9964292768576943
4.19,1.9977837621023165
4.1925,1.992614290108958
4.195,1.9933544838769999
4.1975,1.9945009277060197
4.2,1.9956672738337913
4.2025,1.9940795859192555
4.205,1.9876618311017293
4.2075,1.9956332839228903
4.21,1.9866873412930166
4.2125,1.9947044872560982
4.215,1.9995270266929808
4.2175,1.998198752982212
4.22,1.9959331637191964
4.2225,1.993851990921327
4.225,1.995257355596981
4.2275,1.9937774519064737
4.23,1.998995973965945
4.2325,1.9987121723573007
4.235,1.998299646408906
4.2375,1.9967108589290956
4.24,1.9988151557948117
4.2425,1.9972962297511405
4.245,1.997735212881569
4.2475,1.9984636315982798
4.25,1.993714253774912
4.2525,1.9931683990843434
4.255,1.9955617984044012
4.2575,1.9967104654281327
4.26,1.9938607875851804
4.2625,1.9946193105500072
4.265,1.998002655497365
4.2675,1.9983365688867925
4.27,1.9992271371425798
4.2725,1.9954190280958475
4.275,1.9993363580886567
4.2775,1.9954087525308304
4.28,1.992031124537029
4.2825,1.9991903130760569
4.285,1.9989081755879847
4.2875,1.9958411887467686
4.29,1.9904801066670432
4.2925,1.9846390624154178
4.295,1.9967062264346778
4.2975,1.9940889160984119
4.3,1.993333339232144
4.3025,1.996457945665847
4.305,1.9987227167136457
4.3075,1.9989098704554946
4.31,1.9987706546583182
4.3125,1.998928103106516
4.315,1.9902296741401448
4.3175,1.9655917758955168
4.32,1.9629807363453513
4.3225,1.9653631012555717
4.325,1.9935140793637203
4.3275,1.9979968838695852
4.33,1.9953675694671333
4.3325,1.9954619869650556
4.335,1.9991584333411416
4.3375,1.9981641253409388
4.34,1.9978295791277674
4.3425,1.9961723228890351
4.345,1.9965364959125989
4.3475,1.9990560514935334
4.35,1.9986310512485614
4.3525,1.9941497623519995
4.355,1.9962930394660332
4.3575,1.9961555689219286
4.36,1.9880673675328095
4.3625,1.997072071793374
4.365,1.9975648912478943
4.3675,1.9995846681331502
4.37,1.9988955539596567
4.3725,1.9988070635018067
4.375,1.9990090356919943
4.3775,1.9994993774471972
4.38,1.9968654103649424
4.3825,1.9957950893745733
4.385,1.9971773016383472
4.3875,1.9943510715395605
4.39,1.9953999795537223
4.3925,1.9977217566545344
4.395,1.994628861220984
4.3975,1.9907142400339966
4.4,1.9923382099270728
4.4025,1.993833668246789
4.405,1.9958155299897151
4.4075,1.9938456850283672
4.41,1.9967868847956172
4.4125,1.9969249038839931
4.415,1.994890827922305
4.4175,1.9975509168855043
4.42,1.9975884192025894
4.4225,1.9940906288194
4.425,1.9982257381470596
4.4275,1.9988126369141657
4.43,1.9963452148143421
4.4325,1.9953353025027463
4.435,1.9989661570183341
4.4375,1.994659368091174
4.44,1.9940108045083038
4.4425,1.9976112489414295
4.445,1.9896129969642653
4.4475,1.9957053790463595
4.45,1.9985827245590717
4.4525,1.9936941962420063
4.455,1.9903872839002954
4.4575,1.9966746014989594
4.46,1.9979159729880498
4.4625,1.997630547194507
4.465,1.9987290083116758
4.4675,1.997595844896015
4.47,1.996520997638497
4.4725,1.9996253585908
4.475,1.981305201583102
4.4775,1.9783867786744436
4.48,1.9964859750424755
4.4825,1.995843982537545
4.485,1.9947833332936629
4.4875,1.9958852201663364
4.49,1.9986344604880064
4.4925,1.9973381394010317
4.495,1.9989876154428985
4.4975,1.9980961376657689
4.5,1.9996765627302362
4.5025,1.9956752322098965
4.505,1.9797537521791395
4.5075,1.9915742956304994
4.51,1.9989566734831599
4.5125,1.9881469122466886
4.515,1.9793366660838552
4.5175,1.9924177601339028
4.52,1.9991572448219903
4.5225,1.9988470965565228
4.525,1.9989784966764796
4.5275,1.9995444092670547
4.53,1.9983435751949608
4.5325,1.9998071466939764
4.535,1.9978379618341744
4.5375,1.9872130502436551
4.54,1.9725421022450929
4.5425,1.978711414102447
4.545,1.9945004119476393
4.5475,1.998959609456628
4.55,1.9987224008637703
4.5525,1.9934942149439652
4.555,1.9985519412574733
4.5575,1.9983954544523992
4.56,1.994728236205399
4.5625,1.9968039492081133
4.565,1.998614250806954
4.5675,1.996024804643374
4.57,1.9970431491955503
4.5725,1.9967940840979768
4.575,1.9949254028287555
4.5775,1.9905658952757128
4.58,1.9906542326936183
4.5825,1.9982382206865887
4.585,1.9939954526840546
4.5875,1.9951928028097001
4.59,1.9961908855001096
4.5925,1.9942592907625813
4.595,1.9975352343376014
4.5975,1.9986005135290084
4.6,1.9989619273700685
4.6025,1.998956773680394
4.605,1.9982352571510766
4.6075,1.9976136442905235
4.61,1.998135209394762
4.6125,1.996731124695799
4.615,1.994899613279717
4.6175,1.9955850719945594
4.62,1.9952503197555642
4.6225,1.9953211473858832
4.625,1.9877143330503166
4.6275,1.991708408963297
4.63,1.996680672260878
4.6325,1.994127097153277
4.635,1.9966586693276311
4.6375,1.9952150866259664
